-- phpMyAdmin SQL Dump
-- version 4.7.0
-- https://www.phpmyadmin.net/
--
-- Gostitelj: 127.0.0.1
-- Čas nastanka: 14. avg 2018 ob 23.53
-- Različica strežnika: 10.1.22-MariaDB
-- Različica PHP: 7.1.4

SET SQL_MODE = "NO_AUTO_VALUE_ON_ZERO";
SET AUTOCOMMIT = 0;
START TRANSACTION;
SET time_zone = "+00:00";


/*!40101 SET @OLD_CHARACTER_SET_CLIENT=@@CHARACTER_SET_CLIENT */;
/*!40101 SET @OLD_CHARACTER_SET_RESULTS=@@CHARACTER_SET_RESULTS */;
/*!40101 SET @OLD_COLLATION_CONNECTION=@@COLLATION_CONNECTION */;
/*!40101 SET NAMES utf8mb4 */;

--
-- Zbirka podatkov: `diagenkri`
--

-- --------------------------------------------------------

--
-- Struktura tabele `graph`
--

CREATE TABLE `graph` (
  `id` int(11) NOT NULL,
  `e-mail` varchar(100) NOT NULL,
  `name` varchar(100) NOT NULL DEFAULT 'Untitled',
  `description` varchar(255) DEFAULT 'Ni opisa',
  `visual` tinyint(4) NOT NULL DEFAULT '1',
  `algorithm_type` int(11) NOT NULL DEFAULT '0',
  `data` longtext NOT NULL,
  `created` datetime NOT NULL DEFAULT CURRENT_TIMESTAMP,
  `private` tinyint(4) NOT NULL DEFAULT '1',
  `curated` tinyint(4) NOT NULL DEFAULT '0'
) ENGINE=InnoDB DEFAULT CHARSET=utf8mb4;

--
-- Odloži podatke za tabelo `graph`
--

INSERT INTO `graph` (`id`, `e-mail`, `name`, `description`, `visual`, `algorithm_type`, `data`, `created`, `private`, `curated`) VALUES
(2, 'test@test', 'TEST', '', 0, 4, '[{\"data\":{\"id\":\"at3dc\",\"setName\":\"nameat3dc\",\"desc\":\"default-text\",\"type\":\"rect\"},\"type\":\"rect\",\"attrs\":{\"x\":449,\"y\":481,\"width\":100,\"height\":40,\"rx\":0,\"ry\":0,\"fill\":\"white\",\"stroke\":\"#000\",\"cursor\":\"move\"},\"transform\":\"\",\"id\":\"at3dc\"},{\"data\":{\"id\":\"7emh3\",\"setName\":\"nameat3dc\",\"parentID\":\"at3dc\",\"type\":\"hide\"},\"type\":\"path\",\"attrs\":{\"fill\":\"none\",\"stroke\":\"rgb(0, 200, 0)\",\"path\":[[\"M\",282,291],[\"L\",292,291],[\"M\",287,286],[\"L\",287,296]],\"stroke-width\":3,\"x\":172,\"y\":200},\"transform\":\"\",\"id\":\"7emh3\"},{\"data\":{\"id\":\"cymt8\",\"setName\":\"nameat3dc\",\"type\":\"shape_text\"},\"type\":\"text\",\"attrs\":{\"x\":499,\"y\":501,\"text-anchor\":\"middle\",\"text\":\"default-text\",\"font-family\":\"\\\"Arial\\\"\",\"font-size\":10,\"stroke\":\"none\",\"fill\":\"black\"},\"transform\":\"\",\"id\":\"cymt8\"},{\"data\":{\"id\":\"mdohg\",\"setName\":\"namemdohg\",\"desc\":\"default-text\",\"type\":\"rect\"},\"type\":\"rect\",\"attrs\":{\"x\":139,\"y\":124,\"width\":100,\"height\":40,\"rx\":0,\"ry\":0,\"fill\":\"white\",\"stroke\":\"#000\",\"cursor\":\"move\"},\"transform\":\"\",\"id\":\"mdohg\"},{\"data\":{\"id\":\"ih18z\",\"setName\":\"namemdohg\",\"parentID\":\"mdohg\",\"type\":\"hide\"},\"type\":\"path\",\"attrs\":{\"fill\":\"none\",\"stroke\":\"rgb(0, 200, 0)\",\"path\":[[\"M\",144,134],[\"L\",154,134],[\"M\",149,129],[\"L\",149,139]],\"stroke-width\":3,\"x\":0,\"y\":0},\"transform\":\"\",\"id\":\"ih18z\"},{\"data\":{\"id\":\"i0ao1\",\"setName\":\"namemdohg\",\"type\":\"shape_text\"},\"type\":\"text\",\"attrs\":{\"x\":189,\"y\":144,\"text-anchor\":\"middle\",\"text\":\"default-textwwwwwwww\",\"font-family\":\"\\\"Arial\\\"\",\"font-size\":10,\"stroke\":\"none\",\"fill\":\"black\"},\"transform\":\"\",\"id\":\"i0ao1\"},{\"data\":{\"id\":\"0axqd\",\"setName\":\"name2\",\"fromTo\":\"mdohg at3dc\",\"type\":\"connection\",\"id_connection\":2},\"type\":\"path\",\"attrs\":{\"fill\":\"none\",\"stroke\":\"black\",\"path\":[[\"M\",240,144],[\"C\",344,144,344,501,448,501]],\"arrow-end\":\"classic-wide-long\",\"stroke-width\":3,\"x\":0,\"y\":0},\"transform\":\"\",\"id\":\"0axqd\"},{\"data\":{\"id\":\"6oui8\",\"type\":\"sub_path\"},\"type\":\"path\",\"attrs\":{\"fill\":\"none\",\"stroke\":\"#f1f1f1\",\"path\":[[\"M\",339.20839743449557,306.0931279528948],[\"C\",341.7079901308846,314.6091050903593,344.1929494943362,323.1753139572338,346.6861191918433,331.71333927355226]],\"stroke-width\":\"6\",\"x\":0,\"y\":0},\"transform\":\"\",\"id\":\"6oui8\"},{\"data\":{\"id\":\"y6558\",\"type\":\"connection_text\",\"id_connection\":2},\"type\":\"text\",\"attrs\":{\"x\":342.9525737708027,\"y\":318.90494020202823,\"text-anchor\":\"middle\",\"text\":\"default-text\",\"font-family\":\"\\\"Arial\\\"\",\"font-size\":12,\"stroke\":\"none\",\"fill\":\"black\"},\"transform\":\"\",\"id\":\"y6558\"},{\"data\":{\"id\":\"nk0w5\",\"setName\":\"namenk0w5\",\"type\":\"decision\"},\"type\":\"rect\",\"attrs\":{\"x\":106.00000001319091,\"y\":275.00000001319086,\"width\":50,\"height\":50,\"rx\":0,\"ry\":0,\"fill\":\"white\",\"stroke\":\"#000\",\"cursor\":\"move\"},\"transform\":\"\",\"id\":\"nk0w5\"},{\"data\":{\"id\":\"ymfgu\",\"setName\":\"namenk0w5\",\"type\":\"shape_text\",\"parent\":\"nk0w5\"},\"type\":\"text\",\"attrs\":{\"x\":131,\"y\":300,\"text-anchor\":\"middle\",\"text\":\"defaultwww\",\"font-family\":\"\\\"Arial\\\"\",\"font-size\":10,\"stroke\":\"none\",\"fill\":\"black\"},\"transform\":\"\",\"id\":\"ymfgu\"},{\"data\":{\"id\":\"jz6ym\",\"setName\":\"namejz6ym\",\"desc\":\"default-text\",\"type\":\"rect\"},\"type\":\"rect\",\"attrs\":{\"x\":570,\"y\":200,\"width\":100,\"height\":40,\"rx\":0,\"ry\":0,\"fill\":\"white\",\"stroke\":\"#000\",\"cursor\":\"move\"},\"transform\":\"\",\"id\":\"jz6ym\"},{\"data\":{\"id\":\"0p9t1\",\"setName\":\"namejz6ym\",\"parentID\":\"jz6ym\",\"type\":\"hide\"},\"type\":\"path\",\"attrs\":{\"fill\":\"none\",\"stroke\":\"rgb(0, 200, 0)\",\"path\":[[\"M\",540,211],[\"L\",550,211],[\"M\",545,206],[\"L\",545,216]],\"stroke-width\":3,\"x\":35,\"y\":-1},\"transform\":\"\",\"id\":\"0p9t1\"},{\"data\":{\"id\":\"x41pq\",\"setName\":\"namejz6ym\",\"type\":\"shape_text\",\"parent\":\"jz6ym\"},\"type\":\"text\",\"attrs\":{\"x\":585,\"y\":220,\"text-anchor\":\"start\",\"text\":\"wwwwwwwwwdefault-text\",\"font-family\":\"\\\"Arial\\\"\",\"font-size\":10,\"stroke\":\"none\",\"fill\":\"black\"},\"transform\":\"\",\"id\":\"x41pq\"}]', '2018-06-29 07:05:40', 1, 0),
(3, 'www@w', 'NEKI', '', 0, 3, '[{\"data\":{\"id\":\"8s1wh\",\"setName\":\"name8s1wh\",\"desc\":\"default-text\",\"type\":\"rect\"},\"type\":\"rect\",\"attrs\":{\"x\":180,\"y\":62,\"width\":100,\"height\":40,\"rx\":0,\"ry\":0,\"fill\":\"white\",\"stroke\":\"#000\",\"cursor\":\"move\"},\"transform\":\"\",\"id\":\"8s1wh\"},{\"data\":{\"id\":\"806o8\",\"setName\":\"name8s1wh\",\"parentID\":\"8s1wh\",\"type\":\"hide\"},\"type\":\"path\",\"attrs\":{\"fill\":\"none\",\"stroke\":\"rgb(0, 200, 0)\",\"path\":[[\"M\",196,104],[\"L\",206,104],[\"M\",201,99],[\"L\",201,109]],\"stroke-width\":3,\"x\":-11,\"y\":-32},\"transform\":\"\",\"id\":\"806o8\"},{\"data\":{\"id\":\"okcm7\",\"setName\":\"name8s1wh\",\"type\":\"shape_text\"},\"type\":\"text\",\"attrs\":{\"x\":230,\"y\":82,\"text-anchor\":\"middle\",\"text\":\"default-text\",\"font-family\":\"\\\"Arial\\\"\",\"font-size\":10,\"stroke\":\"none\",\"fill\":\"black\"},\"transform\":\"\",\"id\":\"okcm7\"},{\"data\":{\"id\":\"3l8ez\",\"setName\":\"name3l8ez\",\"desc\":\"default-text\",\"type\":\"rect\"},\"type\":\"rect\",\"attrs\":{\"x\":493,\"y\":287,\"width\":100,\"height\":40,\"rx\":0,\"ry\":0,\"fill\":\"white\",\"stroke\":\"#000\",\"cursor\":\"move\"},\"transform\":\"\",\"id\":\"3l8ez\"},{\"data\":{\"id\":\"g4qjo\",\"setName\":\"name3l8ez\",\"parentID\":\"3l8ez\",\"type\":\"hide\"},\"type\":\"path\",\"attrs\":{\"fill\":\"none\",\"stroke\":\"rgb(0, 200, 0)\",\"path\":[[\"M\",301,245],[\"L\",311,245],[\"M\",306,240],[\"L\",306,250]],\"stroke-width\":3,\"x\":197,\"y\":52},\"transform\":\"\",\"id\":\"g4qjo\"},{\"data\":{\"id\":\"p853q\",\"setName\":\"name3l8ez\",\"type\":\"shape_text\"},\"type\":\"text\",\"attrs\":{\"x\":543,\"y\":307,\"text-anchor\":\"middle\",\"text\":\"default-text\",\"font-family\":\"\\\"Arial\\\"\",\"font-size\":10,\"stroke\":\"none\",\"fill\":\"black\"},\"transform\":\"\",\"id\":\"p853q\"},{\"data\":{\"id\":\"0cfe0\",\"setName\":\"name0cfe0\",\"type\":\"decision\"},\"type\":\"rect\",\"attrs\":{\"x\":141.0000000131909,\"y\":244.0000000131909,\"width\":50,\"height\":50,\"rx\":0,\"ry\":0,\"fill\":\"white\",\"stroke\":\"#000\",\"cursor\":\"move\"},\"transform\":\"\",\"id\":\"0cfe0\"},{\"data\":{\"id\":\"zbuid\",\"setName\":\"name0cfe0\",\"type\":\"shape_text\"},\"type\":\"text\",\"attrs\":{\"x\":166,\"y\":269,\"text-anchor\":\"middle\",\"text\":\"default-text\",\"font-family\":\"\\\"Arial\\\"\",\"font-size\":10,\"stroke\":\"none\",\"fill\":\"black\"},\"transform\":\"\",\"id\":\"zbuid\"},{\"data\":{\"id\":\"48gcm\",\"setName\":\"name3\",\"fromTo\":\"0cfe0 3l8ez\",\"type\":\"connection\",\"id_connection\":3},\"type\":\"path\",\"attrs\":{\"fill\":\"none\",\"stroke\":\"black\",\"path\":[[\"M\",202.355,269],[\"C\",347.178,269,347.178,307,492,307]],\"arrow-end\":\"classic-wide-long\",\"stroke-width\":3,\"x\":0,\"y\":0},\"transform\":\"\",\"id\":\"48gcm\"},{\"data\":{\"id\":\"23z6n\",\"type\":\"sub_path\"},\"type\":\"path\",\"attrs\":{\"fill\":\"none\",\"stroke\":\"#f1f1f1\",\"path\":[[\"M\",306.98916496633893,278.3055086877492],[\"C\",333.450347815304,283.6938643001249,354.4961173728708,290.50315729590346,380.02481453446495,296.13616035180166]],\"stroke-width\":\"6\",\"x\":0,\"y\":0},\"transform\":\"\",\"id\":\"23z6n\"},{\"data\":{\"id\":\"h7q4r\",\"type\":\"connection_text\",\"id_connection\":3},\"type\":\"text\",\"attrs\":{\"x\":343.5435823649071,\"y\":287.04710840174084,\"text-anchor\":\"middle\",\"text\":\"default-text\",\"font-family\":\"\\\"Arial\\\"\",\"font-size\":12,\"stroke\":\"none\",\"fill\":\"black\"},\"transform\":\"\",\"id\":\"h7q4r\"},{\"data\":{\"id\":\"241ou\",\"setName\":\"name4\",\"fromTo\":\"8s1wh 0cfe0\",\"type\":\"connection\",\"id_connection\":4},\"type\":\"path\",\"attrs\":{\"fill\":\"none\",\"stroke\":\"black\",\"path\":[[\"M\",179,82],[\"C\",169,82,166,157.322,166,232.645]],\"arrow-end\":\"classic-wide-long\",\"stroke-width\":3,\"x\":0,\"y\":0},\"transform\":\"\",\"id\":\"241ou\"},{\"data\":{\"id\":\"yvwqa\",\"type\":\"sub_path\"},\"type\":\"path\",\"attrs\":{\"fill\":\"none\",\"stroke\":\"#f1f1f1\",\"path\":[[\"M\",167.92386065509385,142.55754250626777],[\"C\",167.59366136857366,148.80685731772147,167.31152455140378,155.38309008761436,167.0733090471649,162.20826180528093]],\"stroke-width\":\"6\",\"x\":0,\"y\":0},\"transform\":\"\",\"id\":\"yvwqa\"},{\"data\":{\"id\":\"in7is\",\"type\":\"connection_text\",\"id_connection\":4},\"type\":\"text\",\"attrs\":{\"x\":167.45502181318443,\"y\":152.37741163736953,\"text-anchor\":\"middle\",\"text\":\"default-text\",\"font-family\":\"\\\"Arial\\\"\",\"font-size\":12,\"stroke\":\"none\",\"fill\":\"black\"},\"transform\":\"\",\"id\":\"in7is\"}]', '2018-06-29 07:10:09', 0, 1),
(6, 'test@test', 'PRVI PRAVI', 'Moj opis prvega grafa.', 0, 4, '[{\"data\":{\"id\":\"u6y82\",\"setName\":\"nameu6y82\",\"desc\":\"default-text\",\"type\":\"rect\"},\"type\":\"rect\",\"attrs\":{\"x\":140,\"y\":160,\"width\":100,\"height\":40,\"rx\":0,\"ry\":0,\"fill\":\"white\",\"stroke\":\"#000\",\"cursor\":\"move\"},\"transform\":\"\",\"id\":\"u6y82\"},{\"data\":{\"id\":\"06ntf\",\"setName\":\"nameu6y82\",\"parentID\":\"u6y82\",\"type\":\"hide\"},\"type\":\"path\",\"attrs\":{\"fill\":\"none\",\"stroke\":\"rgb(0, 200, 0)\",\"path\":[[\"M\",145,170],[\"L\",155,170],[\"M\",150,165],[\"L\",150,175]],\"stroke-width\":3,\"x\":0,\"y\":0},\"transform\":\"\",\"id\":\"06ntf\"},{\"data\":{\"id\":\"qmqiw\",\"setName\":\"nameu6y82\",\"type\":\"shape_text\"},\"type\":\"text\",\"attrs\":{\"x\":190,\"y\":180,\"text-anchor\":\"middle\",\"text\":\"default-text\",\"font-family\":\"\\\"Arial\\\"\",\"font-size\":10,\"stroke\":\"none\",\"fill\":\"black\"},\"transform\":\"\",\"id\":\"qmqiw\"},{\"data\":{\"id\":\"0myr8\",\"setName\":\"name0myr8\",\"desc\":\"default-text\",\"type\":\"rect\"},\"type\":\"rect\",\"attrs\":{\"x\":285,\"y\":287,\"width\":100,\"height\":40,\"rx\":0,\"ry\":0,\"fill\":\"white\",\"stroke\":\"#000\",\"cursor\":\"move\"},\"transform\":\"\",\"id\":\"0myr8\"},{\"data\":{\"id\":\"2uiq3\",\"setName\":\"name0myr8\",\"parentID\":\"0myr8\",\"type\":\"hide\"},\"type\":\"path\",\"attrs\":{\"fill\":\"none\",\"stroke\":\"rgb(0, 200, 0)\",\"path\":[[\"M\",290,297],[\"L\",300,297],[\"M\",295,292],[\"L\",295,302]],\"stroke-width\":3,\"x\":0,\"y\":0},\"transform\":\"\",\"id\":\"2uiq3\"},{\"data\":{\"id\":\"3h23z\",\"setName\":\"name0myr8\",\"type\":\"shape_text\"},\"type\":\"text\",\"attrs\":{\"x\":335,\"y\":307,\"text-anchor\":\"middle\",\"text\":\"default-text\",\"font-family\":\"\\\"Arial\\\"\",\"font-size\":10,\"stroke\":\"none\",\"fill\":\"black\"},\"transform\":\"\",\"id\":\"3h23z\"},{\"data\":{\"id\":\"o33py\",\"setName\":\"nameo33py\",\"desc\":\"default-text\",\"type\":\"rect\"},\"type\":\"rect\",\"attrs\":{\"x\":109,\"y\":332,\"width\":100,\"height\":40,\"rx\":0,\"ry\":0,\"fill\":\"white\",\"stroke\":\"#000\",\"cursor\":\"move\"},\"transform\":\"\",\"id\":\"o33py\"},{\"data\":{\"id\":\"h2wkz\",\"setName\":\"nameo33py\",\"parentID\":\"o33py\",\"type\":\"hide\"},\"type\":\"path\",\"attrs\":{\"fill\":\"none\",\"stroke\":\"rgb(0, 200, 0)\",\"path\":[[\"M\",114,342],[\"L\",124,342],[\"M\",119,337],[\"L\",119,347]],\"stroke-width\":3,\"x\":0,\"y\":0},\"transform\":\"\",\"id\":\"h2wkz\"},{\"data\":{\"id\":\"hsqgg\",\"setName\":\"nameo33py\",\"type\":\"shape_text\"},\"type\":\"text\",\"attrs\":{\"x\":159,\"y\":352,\"text-anchor\":\"middle\",\"text\":\"default-text\",\"font-family\":\"\\\"Arial\\\"\",\"font-size\":10,\"stroke\":\"none\",\"fill\":\"black\"},\"transform\":\"\",\"id\":\"hsqgg\"},{\"data\":{\"id\":\"7osx6\",\"setName\":\"name3\",\"fromTo\":\"u6y82 o33py\",\"type\":\"connection\",\"id_connection\":3},\"type\":\"path\",\"attrs\":{\"fill\":\"none\",\"stroke\":\"#000\",\"path\":[[\"M\",190,201],[\"C\",190,266,159,266,159,331]],\"arrow-end\":\"classic-wide-long\",\"stroke-width\":3,\"x\":0,\"y\":0},\"transform\":\"\",\"id\":\"7osx6\"},{\"data\":{\"id\":\"7qxht\",\"type\":\"sub_path\"},\"type\":\"path\",\"attrs\":{\"fill\":\"none\",\"stroke\":\"#f1f1f1\",\"path\":[[\"M\",185.2243466119454,239.35477887985388],[\"C\",180.10572304082658,257.39323134381556,171.9265171271076,269.0143337345834,166.06346554341144,285.49188875281834]],\"stroke-width\":\"6\",\"x\":0,\"y\":0},\"transform\":\"\",\"id\":\"7qxht\"},{\"data\":{\"id\":\"gnmvf\",\"type\":\"connection_text\",\"id_connection\":3},\"type\":\"text\",\"attrs\":{\"x\":176.10947723477148,\"y\":262.61445642472245,\"text-anchor\":\"middle\",\"text\":\"default-text\",\"font-family\":\"\\\"Arial\\\"\",\"font-size\":12,\"stroke\":\"none\",\"fill\":\"black\"},\"transform\":\"\",\"id\":\"gnmvf\"},{\"data\":{\"id\":\"2eivc\",\"setName\":\"name4\",\"fromTo\":\"u6y82 0myr8\",\"type\":\"connection\",\"id_connection\":4},\"type\":\"path\",\"attrs\":{\"fill\":\"none\",\"stroke\":\"#000\",\"path\":[[\"M\",241,180],[\"C\",262.5,180,262.5,307,284,307]],\"arrow-end\":\"classic-wide-long\",\"stroke-width\":3,\"x\":0,\"y\":0},\"transform\":\"\",\"id\":\"2eivc\"},{\"data\":{\"id\":\"yye6d\",\"type\":\"sub_path\"},\"type\":\"path\",\"attrs\":{\"fill\":\"none\",\"stroke\":\"#f1f1f1\",\"path\":[[\"M\",257.4006657340356,215.20901705056662],[\"C\",260.5187908761619,230.46188523408654,263.17350184684483,248.45213015124938,266.1661944052903,264.4459256895352]],\"stroke-width\":\"6\",\"x\":0,\"y\":0},\"transform\":\"\",\"id\":\"yye6d\"},{\"data\":{\"id\":\"0ttjz\",\"type\":\"connection_text\",\"id_connection\":4},\"type\":\"text\",\"attrs\":{\"x\":261.87373954967734,\"y\":239.80440845492194,\"text-anchor\":\"middle\",\"text\":\"default-text\",\"font-family\":\"\\\"Arial\\\"\",\"font-size\":12,\"stroke\":\"none\",\"fill\":\"black\"},\"transform\":\"\",\"id\":\"0ttjz\"}]', '2018-06-29 07:19:42', 0, 0),
(9, 'test@test', 'pin', 'wefw', 1, 2, '[{\"data\":{\"id\":\"lkka7\",\"setName\":\"namelkka7\",\"desc\":\"default-text\",\"type\":\"rect\"},\"type\":\"rect\",\"attrs\":{\"x\":142,\"y\":131,\"width\":100,\"height\":40,\"rx\":0,\"ry\":0,\"fill\":\"white\",\"stroke\":\"#000\",\"cursor\":\"move\"},\"transform\":\"\",\"id\":\"lkka7\"},{\"data\":{\"id\":\"gtghj\",\"setName\":\"namelkka7\",\"parentID\":\"lkka7\",\"type\":\"hide\"},\"type\":\"path\",\"attrs\":{\"fill\":\"none\",\"stroke\":\"rgb(0, 200, 0)\",\"path\":[[\"M\",147,141],[\"L\",157,141],[\"M\",152,136],[\"L\",152,146]],\"stroke-width\":3,\"x\":0,\"y\":0},\"transform\":\"\",\"id\":\"gtghj\"},{\"data\":{\"id\":\"jo212\",\"setName\":\"namelkka7\",\"type\":\"shape_text\"},\"type\":\"text\",\"attrs\":{\"x\":192,\"y\":151,\"text-anchor\":\"middle\",\"text\":\"default-text\",\"font-family\":\"\\\"Arial\\\"\",\"font-size\":10,\"stroke\":\"none\",\"fill\":\"black\"},\"transform\":\"\",\"id\":\"jo212\"},{\"data\":{\"id\":\"pxulw\",\"setName\":\"namepxulw\",\"desc\":\"default-text\",\"type\":\"rect\"},\"type\":\"rect\",\"attrs\":{\"x\":329,\"y\":258,\"width\":100,\"height\":40,\"rx\":0,\"ry\":0,\"fill\":\"white\",\"stroke\":\"#000\",\"cursor\":\"move\"},\"transform\":\"\",\"id\":\"pxulw\"},{\"data\":{\"id\":\"75ejn\",\"setName\":\"namepxulw\",\"parentID\":\"pxulw\",\"type\":\"hide\"},\"type\":\"path\",\"attrs\":{\"fill\":\"none\",\"stroke\":\"rgb(0, 200, 0)\",\"path\":[[\"M\",334,268],[\"L\",344,268],[\"M\",339,263],[\"L\",339,273]],\"stroke-width\":3,\"x\":0,\"y\":0},\"transform\":\"\",\"id\":\"75ejn\"},{\"data\":{\"id\":\"uuljh\",\"setName\":\"namepxulw\",\"type\":\"shape_text\"},\"type\":\"text\",\"attrs\":{\"x\":379,\"y\":278,\"text-anchor\":\"middle\",\"text\":\"default-text\",\"font-family\":\"\\\"Arial\\\"\",\"font-size\":10,\"stroke\":\"none\",\"fill\":\"black\"},\"transform\":\"\",\"id\":\"uuljh\"},{\"data\":{\"id\":\"ydmnf\",\"setName\":\"name2\",\"fromTo\":\"lkka7 pxulw\",\"type\":\"connection\",\"id_connection\":2},\"type\":\"path\",\"attrs\":{\"fill\":\"none\",\"stroke\":\"#000\",\"path\":[[\"M\",243,151],[\"C\",285.5,151,285.5,278,328,278]],\"arrow-end\":\"classic-wide-long\",\"stroke-width\":3,\"x\":0,\"y\":0},\"transform\":\"\",\"id\":\"ydmnf\"},{\"data\":{\"id\":\"r6ag8\",\"type\":\"sub_path\"},\"type\":\"path\",\"attrs\":{\"fill\":\"none\",\"stroke\":\"#f1f1f1\",\"path\":[[\"M\",275.9017957999466,187.41159106311127],[\"C\",281.7488346998118,202.12536622160485,286.7967301557891,219.22717002418722,292.4290898344934,234.58245720826744]],\"stroke-width\":\"6\",\"x\":0,\"y\":0},\"transform\":\"\",\"id\":\"r6ag8\"},{\"data\":{\"id\":\"sn1l3\",\"type\":\"connection_text\",\"id_connection\":2},\"type\":\"text\",\"attrs\":{\"x\":284.3088029271512,\"y\":210.94373240877394,\"text-anchor\":\"middle\",\"text\":\"default-text\",\"font-family\":\"\\\"Arial\\\"\",\"font-size\":12,\"stroke\":\"none\",\"fill\":\"black\"},\"transform\":\"\",\"id\":\"sn1l3\"}]', '2018-06-29 17:54:08', 1, 0),
(10, 'test@test', 'NODE SCALE test', '', 1, 7, '[{\"data\":{\"id\":\"0ef0r\",\"setName\":\"name0ef0r\",\"desc\":\"default-text\",\"type\":\"rect\"},\"type\":\"rect\",\"attrs\":{\"x\":266,\"y\":200,\"width\":225.625,\"height\":40,\"rx\":0,\"ry\":0,\"fill\":\"white\",\"stroke\":\"#000\",\"cursor\":\"move\"},\"transform\":\"\",\"id\":\"0ef0r\"},{\"data\":{\"id\":\"mxrrt\",\"setName\":\"name0ef0r\",\"parentID\":\"0ef0r\",\"type\":\"hide\"},\"type\":\"path\",\"attrs\":{\"fill\":\"none\",\"stroke\":\"rgb(0, 200, 0)\",\"path\":[[\"M\",271,210],[\"L\",281,210],[\"M\",276,205],[\"L\",276,215]],\"stroke-width\":3,\"x\":0,\"y\":0},\"transform\":\"\",\"id\":\"mxrrt\"},{\"data\":{\"id\":\"4gzqf\",\"setName\":\"name0ef0r\",\"type\":\"shape_text\",\"parent\":\"0ef0r\"},\"type\":\"text\",\"attrs\":{\"x\":281,\"y\":220,\"text-anchor\":\"start\",\"text\":\"default-textaaaaaaaaaaaaaaaaaaaaaaaaaaaa\",\"font-family\":\"\\\"Arial\\\"\",\"font-size\":10,\"stroke\":\"none\",\"fill\":\"black\"},\"transform\":\"\",\"id\":\"4gzqf\"},{\"data\":{\"id\":\"0c0ng\",\"setName\":\"name0c0ng\",\"desc\":\"default-text\",\"type\":\"rect\"},\"type\":\"rect\",\"attrs\":{\"x\":151,\"y\":498,\"width\":153.328125,\"height\":40,\"rx\":0,\"ry\":0,\"fill\":\"white\",\"stroke\":\"#000\",\"cursor\":\"move\"},\"transform\":\"\",\"id\":\"0c0ng\"},{\"data\":{\"id\":\"q9g17\",\"setName\":\"name0c0ng\",\"parentID\":\"0c0ng\",\"type\":\"hide\"},\"type\":\"path\",\"attrs\":{\"fill\":\"none\",\"stroke\":\"rgb(0, 200, 0)\",\"path\":[[\"M\",308,466],[\"L\",318,466],[\"M\",313,461],[\"L\",313,471]],\"stroke-width\":3,\"x\":-152,\"y\":42},\"transform\":\"\",\"id\":\"q9g17\"},{\"data\":{\"id\":\"8ksqo\",\"setName\":\"name0c0ng\",\"type\":\"shape_text\",\"parent\":\"0c0ng\"},\"type\":\"text\",\"attrs\":{\"x\":166,\"y\":518,\"text-anchor\":\"start\",\"text\":\"default-textaaaaaaaaaaaaaaa\",\"font-family\":\"\\\"Arial\\\"\",\"font-size\":10,\"stroke\":\"none\",\"fill\":\"black\"},\"transform\":\"\",\"id\":\"8ksqo\"},{\"data\":{\"id\":\"p31au\",\"setName\":\"namep31au\",\"type\":\"decision\"},\"type\":\"rect\",\"attrs\":{\"x\":210.00000003577208,\"y\":369.0000000131909,\"width\":135.59375,\"height\":50,\"rx\":0,\"ry\":0,\"fill\":\"white\",\"stroke\":\"#000\",\"cursor\":\"move\"},\"transform\":\"\",\"id\":\"p31au\"},{\"data\":{\"id\":\"qyotc\",\"setName\":\"namep31au\",\"type\":\"shape_text\",\"parent\":\"p31au\"},\"type\":\"text\",\"attrs\":{\"x\":235,\"y\":394,\"text-anchor\":\"middle\",\"text\":\"default-textaaaaaaaaaa\",\"font-family\":\"\\\"Arial\\\"\",\"font-size\":10,\"stroke\":\"none\",\"fill\":\"black\"},\"transform\":\"\",\"id\":\"qyotc\"},{\"data\":{\"id\":\"n4vht\",\"setName\":\"name3\",\"fromTo\":\"0ef0r p31au\",\"type\":\"connection\",\"id_connection\":3},\"type\":\"path\",\"attrs\":{\"fill\":\"none\",\"stroke\":\"black\",\"path\":[[\"M\",378.813,241],[\"C\",378.813,284.191,277.797,284.191,277.797,327.383]],\"arrow-end\":\"classic-wide-long\",\"stroke-width\":3,\"x\":0,\"y\":0},\"transform\":\"\",\"id\":\"n4vht\"},{\"data\":{\"id\":\"f0lkw\",\"type\":\"sub_path\"},\"type\":\"path\",\"attrs\":{\"fill\":\"none\",\"stroke\":\"#f1f1f1\",\"path\":[[\"M\",345.7040769935093,276.47538256547944],[\"C\",336.7628668802253,280.74096246820403,326.9929327450488,284.6522216473195,317.7211979598999,288.7765138964653]],\"stroke-width\":\"6\",\"x\":0,\"y\":0},\"transform\":\"\",\"id\":\"f0lkw\"},{\"data\":{\"id\":\"urr7l\",\"type\":\"connection_text\",\"id_connection\":3},\"type\":\"text\",\"attrs\":{\"x\":331.7429994864093,\"y\":282.7191150931374,\"text-anchor\":\"middle\",\"text\":\"default-text\",\"font-family\":\"\\\"Arial\\\"\",\"font-size\":12,\"stroke\":\"none\",\"fill\":\"black\"},\"transform\":\"\",\"id\":\"urr7l\"},{\"data\":{\"id\":\"taoqq\",\"setName\":\"name4\",\"fromTo\":\"p31au 0c0ng\",\"type\":\"connection\",\"id_connection\":4},\"type\":\"path\",\"attrs\":{\"fill\":\"none\",\"stroke\":\"black\",\"path\":[[\"M\",277.797,460.617],[\"C\",277.797,478.809,227.664,478.809,227.664,497]],\"arrow-end\":\"classic-wide-long\",\"stroke-width\":3,\"x\":0,\"y\":0},\"transform\":\"\",\"id\":\"taoqq\"},{\"data\":{\"id\":\"0mtnx\",\"type\":\"sub_path\"},\"type\":\"path\",\"attrs\":{\"fill\":\"none\",\"stroke\":\"#f1f1f1\",\"path\":[[\"M\",270.4005192360608,471.149807925896],[\"C\",262.87978304341914,475.85588164255694,251.0408246423747,478.9949410885562,241.7288627593706,483.05087504896744]],\"stroke-width\":\"6\",\"x\":0,\"y\":0},\"transform\":\"\",\"id\":\"0mtnx\"},{\"data\":{\"id\":\"wg1m0\",\"type\":\"connection_text\",\"id_connection\":4},\"type\":\"text\",\"attrs\":{\"x\":256.2451494827271,\"y\":477.526034526825,\"text-anchor\":\"middle\",\"text\":\"default-text\",\"font-family\":\"\\\"Arial\\\"\",\"font-size\":12,\"stroke\":\"none\",\"fill\":\"black\"},\"transform\":\"\",\"id\":\"wg1m0\"}]', '2018-07-03 23:28:09', 0, 0),
(11, 'test@test', 'curation test', '', 0, 7, '[{\"data\":{\"id\":\"ik0iv\",\"setName\":\"nameik0iv\",\"desc\":\"default-text\",\"type\":\"rect\"},\"type\":\"rect\",\"attrs\":{\"x\":211,\"y\":224,\"width\":100,\"height\":40,\"rx\":0,\"ry\":0,\"fill\":\"white\",\"stroke\":\"#000\",\"cursor\":\"move\"},\"transform\":\"\",\"id\":\"ik0iv\"},{\"data\":{\"id\":\"1iuz5\",\"setName\":\"nameik0iv\",\"parentID\":\"ik0iv\",\"type\":\"hide\"},\"type\":\"path\",\"attrs\":{\"fill\":\"none\",\"stroke\":\"rgb(0, 200, 0)\",\"path\":[[\"M\",216,234],[\"L\",226,234],[\"M\",221,229],[\"L\",221,239]],\"stroke-width\":3,\"x\":0,\"y\":0},\"transform\":\"\",\"id\":\"1iuz5\"},{\"data\":{\"id\":\"5c0kj\",\"setName\":\"nameik0iv\",\"type\":\"shape_text\",\"parent\":\"ik0iv\"},\"type\":\"text\",\"attrs\":{\"x\":226,\"y\":244,\"text-anchor\":\"start\",\"text\":\"default-text\",\"font-family\":\"\\\"Arial\\\"\",\"font-size\":10,\"stroke\":\"none\",\"fill\":\"black\"},\"transform\":\"\",\"id\":\"5c0kj\"},{\"data\":{\"id\":\"iw0no\",\"setName\":\"nameiw0no\",\"type\":\"decision\"},\"type\":\"rect\",\"attrs\":{\"x\":256.00000001319086,\"y\":88.0000000131909,\"width\":50,\"height\":50,\"rx\":0,\"ry\":0,\"fill\":\"white\",\"stroke\":\"#000\",\"cursor\":\"move\"},\"transform\":\"\",\"id\":\"iw0no\"},{\"data\":{\"id\":\"kzues\",\"setName\":\"nameiw0no\",\"type\":\"shape_text\",\"parent\":\"iw0no\"},\"type\":\"text\",\"attrs\":{\"x\":281,\"y\":113,\"text-anchor\":\"middle\",\"text\":\"default-text\",\"font-family\":\"\\\"Arial\\\"\",\"font-size\":10,\"stroke\":\"none\",\"fill\":\"black\"},\"transform\":\"\",\"id\":\"kzues\"}]', '2018-08-10 21:21:38', 1, 1),
(12, 'test@test', 'wffwfw', '', 1, 2, '[{\"data\":{\"id\":\"z1y3i\",\"setName\":\"namez1y3i\",\"desc\":\"default-text\",\"type\":\"rect\"},\"type\":\"rect\",\"attrs\":{\"x\":240,\"y\":184,\"width\":100,\"height\":40,\"rx\":0,\"ry\":0,\"fill\":\"white\",\"stroke\":\"#000\",\"cursor\":\"move\"},\"transform\":\"\",\"id\":\"z1y3i\"},{\"data\":{\"id\":\"x78nv\",\"setName\":\"namez1y3i\",\"parentID\":\"z1y3i\",\"type\":\"hide\"},\"type\":\"path\",\"attrs\":{\"fill\":\"none\",\"stroke\":\"rgb(0, 200, 0)\",\"path\":[[\"M\",245,194],[\"L\",255,194],[\"M\",250,189],[\"L\",250,199]],\"stroke-width\":3,\"x\":0,\"y\":0},\"transform\":\"\",\"id\":\"x78nv\"},{\"data\":{\"id\":\"g9ceb\",\"setName\":\"namez1y3i\",\"type\":\"shape_text\",\"parent\":\"z1y3i\"},\"type\":\"text\",\"attrs\":{\"x\":255,\"y\":204,\"text-anchor\":\"start\",\"text\":\"default-text\",\"font-family\":\"\\\"Arial\\\"\",\"font-size\":10,\"stroke\":\"none\",\"fill\":\"black\"},\"transform\":\"\",\"id\":\"g9ceb\"}]', '2018-08-10 21:23:17', 1, 0),
(13, 'test@test', 'rghr', '', 1, 2, '[{\"data\":{\"id\":\"fodwy\",\"setName\":\"namefodwy\",\"desc\":\"default-text\",\"type\":\"rect\"},\"type\":\"rect\",\"attrs\":{\"x\":164,\"y\":170,\"width\":100,\"height\":40,\"rx\":0,\"ry\":0,\"fill\":\"white\",\"stroke\":\"#000\",\"cursor\":\"move\"},\"transform\":\"\",\"id\":\"fodwy\"},{\"data\":{\"id\":\"zxo4s\",\"setName\":\"namefodwy\",\"parentID\":\"fodwy\",\"type\":\"hide\"},\"type\":\"path\",\"attrs\":{\"fill\":\"none\",\"stroke\":\"rgb(0, 200, 0)\",\"path\":[[\"M\",169,180],[\"L\",179,180],[\"M\",174,175],[\"L\",174,185]],\"stroke-width\":3,\"x\":0,\"y\":0},\"transform\":\"\",\"id\":\"zxo4s\"},{\"data\":{\"id\":\"nv743\",\"setName\":\"namefodwy\",\"type\":\"shape_text\",\"parent\":\"fodwy\"},\"type\":\"text\",\"attrs\":{\"x\":179,\"y\":190,\"text-anchor\":\"start\",\"text\":\"default-text\",\"font-family\":\"\\\"Arial\\\"\",\"font-size\":10,\"stroke\":\"none\",\"fill\":\"black\"},\"transform\":\"\",\"id\":\"nv743\"}]', '2018-08-10 21:24:10', 1, 1),
(14, 'test@test', 'fefefef', '', 0, 1, '[{\"data\":{\"id\":\"dm8f6\",\"setName\":\"namedm8f6\",\"desc\":\"default-text\",\"type\":\"rect\"},\"type\":\"rect\",\"attrs\":{\"x\":326,\"y\":191,\"width\":100,\"height\":40,\"rx\":0,\"ry\":0,\"fill\":\"white\",\"stroke\":\"#000\",\"cursor\":\"move\"},\"transform\":\"\",\"id\":\"dm8f6\"},{\"data\":{\"id\":\"vlm98\",\"setName\":\"namedm8f6\",\"parentID\":\"dm8f6\",\"type\":\"hide\"},\"type\":\"path\",\"attrs\":{\"fill\":\"none\",\"stroke\":\"rgb(0, 200, 0)\",\"path\":[[\"M\",567,247],[\"L\",577,247],[\"M\",572,242],[\"L\",572,252]],\"stroke-width\":3,\"x\":-236,\"y\":-46},\"transform\":\"\",\"id\":\"vlm98\"},{\"data\":{\"id\":\"mvins\",\"setName\":\"namedm8f6\",\"type\":\"shape_text\",\"parent\":\"dm8f6\"},\"type\":\"text\",\"attrs\":{\"x\":341,\"y\":211,\"text-anchor\":\"start\",\"text\":\"default-text\",\"font-family\":\"\\\"Arial\\\"\",\"font-size\":10,\"stroke\":\"none\",\"fill\":\"black\"},\"transform\":\"\",\"id\":\"mvins\"}]', '2018-08-10 21:24:52', 1, 0),
(15, 'test@test', 'tetet', '', 1, 2, '[{\"data\":{\"id\":\"1wj0y\",\"setName\":\"name1wj0y\",\"type\":\"decision\"},\"type\":\"rect\",\"attrs\":{\"x\":218.0000000131909,\"y\":198.00000001319088,\"width\":50,\"height\":50,\"rx\":0,\"ry\":0,\"fill\":\"white\",\"stroke\":\"#000\",\"cursor\":\"move\"},\"transform\":\"\",\"id\":\"1wj0y\"},{\"data\":{\"id\":\"mm6ke\",\"setName\":\"name1wj0y\",\"type\":\"shape_text\",\"parent\":\"1wj0y\"},\"type\":\"text\",\"attrs\":{\"x\":243,\"y\":223,\"text-anchor\":\"middle\",\"text\":\"default-text\",\"font-family\":\"\\\"Arial\\\"\",\"font-size\":10,\"stroke\":\"none\",\"fill\":\"black\"},\"transform\":\"\",\"id\":\"mm6ke\"}]', '2018-08-10 21:25:25', 1, 0),
(16, 'test@test', 'wfwfafawf', '', 1, 4, '[{\"data\":{\"id\":\"1eu8n\",\"setName\":\"name1eu8n\",\"desc\":\"default-text\",\"type\":\"rect\"},\"type\":\"rect\",\"attrs\":{\"x\":175,\"y\":208,\"width\":100,\"height\":40,\"rx\":0,\"ry\":0,\"fill\":\"white\",\"stroke\":\"#000\",\"cursor\":\"move\"},\"transform\":\"\",\"id\":\"1eu8n\"},{\"data\":{\"id\":\"l408a\",\"setName\":\"name1eu8n\",\"parentID\":\"1eu8n\",\"type\":\"hide\"},\"type\":\"path\",\"attrs\":{\"fill\":\"none\",\"stroke\":\"rgb(0, 200, 0)\",\"path\":[[\"M\",180,218],[\"L\",190,218],[\"M\",185,213],[\"L\",185,223]],\"stroke-width\":3,\"x\":0,\"y\":0},\"transform\":\"\",\"id\":\"l408a\"},{\"data\":{\"id\":\"9mx0f\",\"setName\":\"name1eu8n\",\"type\":\"shape_text\",\"parent\":\"1eu8n\"},\"type\":\"text\",\"attrs\":{\"x\":190,\"y\":228,\"text-anchor\":\"start\",\"text\":\"default-text\",\"font-family\":\"\\\"Arial\\\"\",\"font-size\":10,\"stroke\":\"none\",\"fill\":\"black\"},\"transform\":\"\",\"id\":\"9mx0f\"}]', '2018-08-10 21:26:45', 0, 0),
(17, 'test@test', 'efwgw', '', 0, 2, '[{\"data\":{\"id\":\"4dazu\",\"setName\":\"name4dazu\",\"desc\":\"default-text\",\"type\":\"rect\"},\"type\":\"rect\",\"attrs\":{\"x\":177,\"y\":196,\"width\":100,\"height\":40,\"rx\":0,\"ry\":0,\"fill\":\"white\",\"stroke\":\"#000\",\"cursor\":\"move\"},\"transform\":\"\",\"id\":\"4dazu\"},{\"data\":{\"id\":\"js3yk\",\"setName\":\"name4dazu\",\"parentID\":\"4dazu\",\"type\":\"hide\"},\"type\":\"path\",\"attrs\":{\"fill\":\"none\",\"stroke\":\"rgb(0, 200, 0)\",\"path\":[[\"M\",182,206],[\"L\",192,206],[\"M\",187,201],[\"L\",187,211]],\"stroke-width\":3,\"x\":0,\"y\":0},\"transform\":\"\",\"id\":\"js3yk\"},{\"data\":{\"id\":\"5nriz\",\"setName\":\"name4dazu\",\"type\":\"shape_text\",\"parent\":\"4dazu\"},\"type\":\"text\",\"attrs\":{\"x\":192,\"y\":216,\"text-anchor\":\"start\",\"text\":\"default-text\",\"font-family\":\"\\\"Arial\\\"\",\"font-size\":10,\"stroke\":\"none\",\"fill\":\"black\"},\"transform\":\"\",\"id\":\"5nriz\"}]', '2018-08-10 21:27:12', 1, 0),
(18, 'test@test', 'afafawg', 'ag', 0, 2, '[{\"data\":{\"id\":\"5iy82\",\"setName\":\"name5iy82\",\"desc\":\"default-text\",\"type\":\"rect\"},\"type\":\"rect\",\"attrs\":{\"x\":168,\"y\":194,\"width\":100,\"height\":40,\"rx\":0,\"ry\":0,\"fill\":\"white\",\"stroke\":\"#000\",\"cursor\":\"move\"},\"transform\":\"\",\"id\":\"5iy82\"},{\"data\":{\"id\":\"fjyc2\",\"setName\":\"name5iy82\",\"parentID\":\"5iy82\",\"type\":\"hide\"},\"type\":\"path\",\"attrs\":{\"fill\":\"none\",\"stroke\":\"rgb(0, 200, 0)\",\"path\":[[\"M\",173,204],[\"L\",183,204],[\"M\",178,199],[\"L\",178,209]],\"stroke-width\":3,\"x\":0,\"y\":0},\"transform\":\"\",\"id\":\"fjyc2\"},{\"data\":{\"id\":\"y31g0\",\"setName\":\"name5iy82\",\"type\":\"shape_text\",\"parent\":\"5iy82\"},\"type\":\"text\",\"attrs\":{\"x\":183,\"y\":214,\"text-anchor\":\"start\",\"text\":\"default-text\",\"font-family\":\"\\\"Arial\\\"\",\"font-size\":10,\"stroke\":\"none\",\"fill\":\"black\"},\"transform\":\"\",\"id\":\"y31g0\"}]', '2018-08-10 21:27:57', 0, 0),
(19, 'test@test', 'wrrhwhww', '', 0, 1, '[{\"data\":{\"id\":\"ie1nj\",\"setName\":\"nameie1nj\",\"desc\":\"default-text\",\"type\":\"rect\"},\"type\":\"rect\",\"attrs\":{\"x\":113,\"y\":140,\"width\":100,\"height\":40,\"rx\":0,\"ry\":0,\"fill\":\"white\",\"stroke\":\"#000\",\"cursor\":\"move\"},\"transform\":\"\",\"id\":\"ie1nj\"},{\"data\":{\"id\":\"kq39u\",\"setName\":\"nameie1nj\",\"parentID\":\"ie1nj\",\"type\":\"hide\"},\"type\":\"path\",\"attrs\":{\"fill\":\"none\",\"stroke\":\"rgb(0, 200, 0)\",\"path\":[[\"M\",118,150],[\"L\",128,150],[\"M\",123,145],[\"L\",123,155]],\"stroke-width\":3,\"x\":0,\"y\":0},\"transform\":\"\",\"id\":\"kq39u\"},{\"data\":{\"id\":\"weix4\",\"setName\":\"nameie1nj\",\"type\":\"shape_text\",\"parent\":\"ie1nj\"},\"type\":\"text\",\"attrs\":{\"x\":128,\"y\":160,\"text-anchor\":\"start\",\"text\":\"default-text\",\"font-family\":\"\\\"Arial\\\"\",\"font-size\":10,\"stroke\":\"none\",\"fill\":\"black\"},\"transform\":\"\",\"id\":\"weix4\"}]', '2018-08-10 21:29:29', 1, 1),
(20, 'test@test', 'afafafawfaw', 'afa', 1, 2, '[{\"data\":{\"id\":\"76sbx\",\"setName\":\"name76sbx\",\"desc\":\"default-text\",\"type\":\"rect\"},\"type\":\"rect\",\"attrs\":{\"x\":140,\"y\":146,\"width\":100,\"height\":40,\"rx\":0,\"ry\":0,\"fill\":\"white\",\"stroke\":\"#000\",\"cursor\":\"move\"},\"transform\":\"\",\"id\":\"76sbx\"},{\"data\":{\"id\":\"08se0\",\"setName\":\"name76sbx\",\"parentID\":\"76sbx\",\"type\":\"hide\"},\"type\":\"path\",\"attrs\":{\"fill\":\"none\",\"stroke\":\"rgb(0, 200, 0)\",\"path\":[[\"M\",145,156],[\"L\",155,156],[\"M\",150,151],[\"L\",150,161]],\"stroke-width\":3,\"x\":0,\"y\":0},\"transform\":\"\",\"id\":\"08se0\"},{\"data\":{\"id\":\"sokg4\",\"setName\":\"name76sbx\",\"type\":\"shape_text\",\"parent\":\"76sbx\"},\"type\":\"text\",\"attrs\":{\"x\":155,\"y\":166,\"text-anchor\":\"start\",\"text\":\"default-text\",\"font-family\":\"\\\"Arial\\\"\",\"font-size\":10,\"stroke\":\"none\",\"fill\":\"black\"},\"transform\":\"\",\"id\":\"sokg4\"}]', '2018-08-10 21:31:01', 0, 1),
(21, 'test@test', 'gegegegegeg', '', 1, 4, '[{\"data\":{\"id\":\"kcelr\",\"setName\":\"namekcelr\",\"desc\":\"default-text\",\"type\":\"rect\"},\"type\":\"rect\",\"attrs\":{\"x\":163,\"y\":157,\"width\":100,\"height\":40,\"rx\":0,\"ry\":0,\"fill\":\"white\",\"stroke\":\"#000\",\"cursor\":\"move\"},\"transform\":\"\",\"id\":\"kcelr\"},{\"data\":{\"id\":\"5qyir\",\"setName\":\"namekcelr\",\"parentID\":\"kcelr\",\"type\":\"hide\"},\"type\":\"path\",\"attrs\":{\"fill\":\"none\",\"stroke\":\"rgb(0, 200, 0)\",\"path\":[[\"M\",168,167],[\"L\",178,167],[\"M\",173,162],[\"L\",173,172]],\"stroke-width\":3,\"x\":0,\"y\":0},\"transform\":\"\",\"id\":\"5qyir\"},{\"data\":{\"id\":\"foh8s\",\"setName\":\"namekcelr\",\"type\":\"shape_text\",\"parent\":\"kcelr\"},\"type\":\"text\",\"attrs\":{\"x\":178,\"y\":177,\"text-anchor\":\"start\",\"text\":\"default-text\",\"font-family\":\"\\\"Arial\\\"\",\"font-size\":10,\"stroke\":\"none\",\"fill\":\"black\"},\"transform\":\"\",\"id\":\"foh8s\"},{\"data\":{\"id\":\"r3eiv\",\"setName\":\"namer3eiv\",\"type\":\"decision\"},\"type\":\"rect\",\"attrs\":{\"x\":190.00000001319088,\"y\":294.0000000131909,\"width\":50,\"height\":50,\"rx\":0,\"ry\":0,\"fill\":\"white\",\"stroke\":\"#000\",\"cursor\":\"move\"},\"transform\":\"\",\"id\":\"r3eiv\"},{\"data\":{\"id\":\"1bmk6\",\"setName\":\"namer3eiv\",\"type\":\"shape_text\",\"parent\":\"r3eiv\"},\"type\":\"text\",\"attrs\":{\"x\":215,\"y\":319,\"text-anchor\":\"middle\",\"text\":\"default-text\",\"font-family\":\"\\\"Arial\\\"\",\"font-size\":10,\"stroke\":\"none\",\"fill\":\"black\"},\"transform\":\"\",\"id\":\"1bmk6\"}]', '2018-08-10 21:31:47', 1, 1),
(22, 'test@test', 'aaaaaaaaaaaaaaaaaaaaaaaaaaaaaaaaa', '', 0, 1, '[{\"data\":{\"id\":\"mfb7y\",\"setName\":\"namemfb7y\",\"desc\":\"default-text\",\"type\":\"rect\"},\"type\":\"rect\",\"attrs\":{\"x\":185,\"y\":125,\"width\":100,\"height\":40,\"rx\":0,\"ry\":0,\"fill\":\"white\",\"stroke\":\"#000\",\"cursor\":\"move\"},\"transform\":\"\",\"id\":\"mfb7y\"},{\"data\":{\"id\":\"b1wx8\",\"setName\":\"namemfb7y\",\"parentID\":\"mfb7y\",\"type\":\"hide\"},\"type\":\"path\",\"attrs\":{\"fill\":\"none\",\"stroke\":\"rgb(0, 200, 0)\",\"path\":[[\"M\",188,135],[\"L\",198,135],[\"M\",193,130],[\"L\",193,140]],\"stroke-width\":3,\"x\":2,\"y\":0},\"transform\":\"\",\"id\":\"b1wx8\"},{\"data\":{\"id\":\"hau3g\",\"setName\":\"namemfb7y\",\"type\":\"shape_text\",\"parent\":\"mfb7y\"},\"type\":\"text\",\"attrs\":{\"x\":200,\"y\":145,\"text-anchor\":\"start\",\"text\":\"default-text\",\"font-family\":\"\\\"Arial\\\"\",\"font-size\":10,\"stroke\":\"none\",\"fill\":\"black\"},\"transform\":\"\",\"id\":\"hau3g\"},{\"data\":{\"id\":\"6chls\",\"setName\":\"name6chls\",\"type\":\"decision\"},\"type\":\"rect\",\"attrs\":{\"x\":471.0000000131909,\"y\":120.00000001319088,\"width\":50,\"height\":50,\"rx\":0,\"ry\":0,\"fill\":\"white\",\"stroke\":\"#000\",\"cursor\":\"move\"},\"transform\":\"\",\"id\":\"6chls\"},{\"data\":{\"id\":\"ub35l\",\"setName\":\"name6chls\",\"type\":\"shape_text\",\"parent\":\"6chls\"},\"type\":\"text\",\"attrs\":{\"x\":496,\"y\":145,\"text-anchor\":\"middle\",\"text\":\"default-text\",\"font-family\":\"\\\"Arial\\\"\",\"font-size\":10,\"stroke\":\"none\",\"fill\":\"black\"},\"transform\":\"\",\"id\":\"ub35l\"},{\"data\":{\"id\":\"npp82\",\"setName\":\"name2\",\"fromTo\":\"mfb7y 6chls\",\"type\":\"connection\",\"id_connection\":2},\"type\":\"path\",\"attrs\":{\"fill\":\"none\",\"stroke\":\"black\",\"path\":[[\"M\",286,145],[\"C\",372.822,145,372.822,145,459.645,145]],\"arrow-end\":\"classic-wide-long\",\"stroke-width\":3,\"x\":0,\"y\":0},\"transform\":\"\",\"id\":\"npp82\"},{\"data\":{\"id\":\"d10d2\",\"type\":\"sub_path\"},\"type\":\"path\",\"attrs\":{\"fill\":\"none\",\"stroke\":\"#f1f1f1\",\"path\":[[\"M\",330.19075516435805,145],[\"C\",361.8759725535606,145,378.5432858210159,145,407.9548490655528,145]],\"stroke-width\":\"6\",\"x\":0,\"y\":0},\"transform\":\"\",\"id\":\"d10d2\"},{\"data\":{\"id\":\"ftzd7\",\"type\":\"connection_text\",\"id_connection\":2},\"type\":\"text\",\"attrs\":{\"x\":369.0661233247473,\"y\":145,\"text-anchor\":\"middle\",\"text\":\"default-text\",\"font-family\":\"\\\"Arial\\\"\",\"font-size\":12,\"stroke\":\"none\",\"fill\":\"black\"},\"transform\":\"\",\"id\":\"ftzd7\"}]', '2018-08-10 21:35:04', 1, 1),
(23, 'test@test', 'tetetetetetetst', '', 1, 2, '[{\"data\":{\"id\":\"3kcdj\",\"setName\":\"name3kcdj\",\"desc\":\"default-text\",\"type\":\"rect\"},\"type\":\"rect\",\"attrs\":{\"x\":168,\"y\":130,\"width\":100,\"height\":40,\"rx\":0,\"ry\":0,\"fill\":\"white\",\"stroke\":\"#000\",\"cursor\":\"move\"},\"transform\":\"\",\"id\":\"3kcdj\"},{\"data\":{\"id\":\"lvlai\",\"setName\":\"name3kcdj\",\"parentID\":\"3kcdj\",\"type\":\"hide\"},\"type\":\"path\",\"attrs\":{\"fill\":\"none\",\"stroke\":\"rgb(0, 200, 0)\",\"path\":[[\"M\",173,140],[\"L\",183,140],[\"M\",178,135],[\"L\",178,145]],\"stroke-width\":3,\"x\":0,\"y\":0},\"transform\":\"\",\"id\":\"lvlai\"},{\"data\":{\"id\":\"yz2do\",\"setName\":\"name3kcdj\",\"type\":\"shape_text\",\"parent\":\"3kcdj\"},\"type\":\"text\",\"attrs\":{\"x\":183,\"y\":150,\"text-anchor\":\"start\",\"text\":\"default-text\",\"font-family\":\"\\\"Arial\\\"\",\"font-size\":10,\"stroke\":\"none\",\"fill\":\"black\"},\"transform\":\"\",\"id\":\"yz2do\"},{\"data\":{\"id\":\"czfu2\",\"setName\":\"nameczfu2\",\"type\":\"decision\"},\"type\":\"rect\",\"attrs\":{\"x\":182.00000001319088,\"y\":265.0000000131909,\"width\":50,\"height\":50,\"rx\":0,\"ry\":0,\"fill\":\"white\",\"stroke\":\"#000\",\"cursor\":\"move\"},\"transform\":\"\",\"id\":\"czfu2\"},{\"data\":{\"id\":\"yrvhm\",\"setName\":\"nameczfu2\",\"type\":\"shape_text\",\"parent\":\"czfu2\"},\"type\":\"text\",\"attrs\":{\"x\":207,\"y\":290,\"text-anchor\":\"middle\",\"text\":\"default-text\",\"font-family\":\"\\\"Arial\\\"\",\"font-size\":10,\"stroke\":\"none\",\"fill\":\"black\"},\"transform\":\"\",\"id\":\"yrvhm\"},{\"data\":{\"id\":\"rj9je\",\"setName\":\"namerj9je\",\"desc\":\"default-text\",\"type\":\"rect\"},\"type\":\"rect\",\"attrs\":{\"x\":199,\"y\":441,\"width\":100,\"height\":40,\"rx\":0,\"ry\":0,\"fill\":\"white\",\"stroke\":\"#000\",\"cursor\":\"move\"},\"transform\":\"\",\"id\":\"rj9je\"},{\"data\":{\"id\":\"xrqug\",\"setName\":\"namerj9je\",\"parentID\":\"rj9je\",\"type\":\"hide\"},\"type\":\"path\",\"attrs\":{\"fill\":\"none\",\"stroke\":\"rgb(0, 200, 0)\",\"path\":[[\"M\",204,451],[\"L\",214,451],[\"M\",209,446],[\"L\",209,456]],\"stroke-width\":3,\"x\":0,\"y\":0},\"transform\":\"\",\"id\":\"xrqug\"},{\"data\":{\"id\":\"ku26w\",\"setName\":\"namerj9je\",\"type\":\"shape_text\",\"parent\":\"rj9je\"},\"type\":\"text\",\"attrs\":{\"x\":214,\"y\":461,\"text-anchor\":\"start\",\"text\":\"default-text\",\"font-family\":\"\\\"Arial\\\"\",\"font-size\":10,\"stroke\":\"none\",\"fill\":\"black\"},\"transform\":\"\",\"id\":\"ku26w\"}]', '2018-08-10 21:39:25', 1, 0),
(24, 'test@test', 'dawdawda', '', 1, 3, '[{\"data\":{\"id\":\"r3od2\",\"setName\":\"namer3od2\",\"desc\":\"default-text\",\"type\":\"rect\"},\"type\":\"rect\",\"attrs\":{\"x\":193,\"y\":127,\"width\":100,\"height\":40,\"rx\":0,\"ry\":0,\"fill\":\"white\",\"stroke\":\"#000\",\"cursor\":\"move\"},\"transform\":\"\",\"id\":\"r3od2\"},{\"data\":{\"id\":\"kmlw4\",\"setName\":\"namer3od2\",\"parentID\":\"r3od2\",\"type\":\"hide\"},\"type\":\"path\",\"attrs\":{\"fill\":\"none\",\"stroke\":\"rgb(0, 200, 0)\",\"path\":[[\"M\",198,137],[\"L\",208,137],[\"M\",203,132],[\"L\",203,142]],\"stroke-width\":3,\"x\":0,\"y\":0},\"transform\":\"\",\"id\":\"kmlw4\"},{\"data\":{\"id\":\"0bh40\",\"setName\":\"namer3od2\",\"type\":\"shape_text\",\"parent\":\"r3od2\"},\"type\":\"text\",\"attrs\":{\"x\":208,\"y\":147,\"text-anchor\":\"start\",\"text\":\"default-text\",\"font-family\":\"\\\"Arial\\\"\",\"font-size\":10,\"stroke\":\"none\",\"fill\":\"black\"},\"transform\":\"\",\"id\":\"0bh40\"}]', '2018-08-10 21:40:10', 0, 0),
(25, 'test@test', 'afwfaw', '', 1, 4, '[{\"data\":{\"id\":\"2ovxv\",\"setName\":\"name2ovxv\",\"desc\":\"default-text\",\"type\":\"rect\"},\"type\":\"rect\",\"attrs\":{\"x\":325,\"y\":236,\"width\":100,\"height\":40,\"rx\":0,\"ry\":0,\"fill\":\"white\",\"stroke\":\"#000\",\"cursor\":\"move\"},\"transform\":\"\",\"id\":\"2ovxv\"},{\"data\":{\"id\":\"zgxh4\",\"setName\":\"name2ovxv\",\"parentID\":\"2ovxv\",\"type\":\"hide\"},\"type\":\"path\",\"attrs\":{\"fill\":\"none\",\"stroke\":\"rgb(0, 200, 0)\",\"path\":[[\"M\",330,246],[\"L\",340,246],[\"M\",335,241],[\"L\",335,251]],\"stroke-width\":3,\"x\":0,\"y\":0},\"transform\":\"\",\"id\":\"zgxh4\"},{\"data\":{\"id\":\"7inny\",\"setName\":\"name2ovxv\",\"type\":\"shape_text\",\"parent\":\"2ovxv\"},\"type\":\"text\",\"attrs\":{\"x\":340,\"y\":256,\"text-anchor\":\"start\",\"text\":\"default-text\",\"font-family\":\"\\\"Arial\\\"\",\"font-size\":10,\"stroke\":\"none\",\"fill\":\"black\"},\"transform\":\"\",\"id\":\"7inny\"}]', '2018-08-10 21:40:23', 0, 1),
(26, 'test@test', 'dawdawd', '', 0, 2, '[{\"data\":{\"id\":\"ilvsa\",\"setName\":\"nameilvsa\",\"desc\":\"default-text\",\"type\":\"rect\"},\"type\":\"rect\",\"attrs\":{\"x\":102,\"y\":132,\"width\":100,\"height\":40,\"rx\":0,\"ry\":0,\"fill\":\"white\",\"stroke\":\"#000\",\"cursor\":\"move\"},\"transform\":\"\",\"id\":\"ilvsa\"},{\"data\":{\"id\":\"rv7lo\",\"setName\":\"nameilvsa\",\"parentID\":\"ilvsa\",\"type\":\"hide\"},\"type\":\"path\",\"attrs\":{\"fill\":\"none\",\"stroke\":\"rgb(0, 200, 0)\",\"path\":[[\"M\",107,142],[\"L\",117,142],[\"M\",112,137],[\"L\",112,147]],\"stroke-width\":3,\"x\":0,\"y\":0},\"transform\":\"\",\"id\":\"rv7lo\"},{\"data\":{\"id\":\"kfics\",\"setName\":\"nameilvsa\",\"type\":\"shape_text\",\"parent\":\"ilvsa\"},\"type\":\"text\",\"attrs\":{\"x\":117,\"y\":152,\"text-anchor\":\"start\",\"text\":\"default-text\",\"font-family\":\"\\\"Arial\\\"\",\"font-size\":10,\"stroke\":\"none\",\"fill\":\"black\"},\"transform\":\"\",\"id\":\"kfics\"}]', '2018-08-10 21:42:12', 0, 1),
(27, 'test@test', 'aw rw', '', 1, 4, '[{\"data\":{\"id\":\"4i9zf\",\"setName\":\"name4i9zf\",\"desc\":\"default-text\",\"type\":\"rect\"},\"type\":\"rect\",\"attrs\":{\"x\":200,\"y\":194,\"width\":100,\"height\":40,\"rx\":0,\"ry\":0,\"fill\":\"white\",\"stroke\":\"#000\",\"cursor\":\"move\"},\"transform\":\"\",\"id\":\"4i9zf\"},{\"data\":{\"id\":\"veflm\",\"setName\":\"name4i9zf\",\"parentID\":\"4i9zf\",\"type\":\"hide\"},\"type\":\"path\",\"attrs\":{\"fill\":\"none\",\"stroke\":\"rgb(0, 200, 0)\",\"path\":[[\"M\",205,204],[\"L\",215,204],[\"M\",210,199],[\"L\",210,209]],\"stroke-width\":3,\"x\":0,\"y\":0},\"transform\":\"\",\"id\":\"veflm\"},{\"data\":{\"id\":\"snpg2\",\"setName\":\"name4i9zf\",\"type\":\"shape_text\",\"parent\":\"4i9zf\"},\"type\":\"text\",\"attrs\":{\"x\":215,\"y\":214,\"text-anchor\":\"start\",\"text\":\"default-text\",\"font-family\":\"\\\"Arial\\\"\",\"font-size\":10,\"stroke\":\"none\",\"fill\":\"black\"},\"transform\":\"\",\"id\":\"snpg2\"},{\"data\":{\"id\":\"zy3x0\",\"setName\":\"namezy3x0\",\"type\":\"decision\"},\"type\":\"rect\",\"attrs\":{\"x\":238.00000001319088,\"y\":334.00000001319086,\"width\":50,\"height\":50,\"rx\":0,\"ry\":0,\"fill\":\"white\",\"stroke\":\"#000\",\"cursor\":\"move\"},\"transform\":\"\",\"id\":\"zy3x0\"},{\"data\":{\"id\":\"vmrc0\",\"setName\":\"namezy3x0\",\"type\":\"shape_text\",\"parent\":\"zy3x0\"},\"type\":\"text\",\"attrs\":{\"x\":263,\"y\":359,\"text-anchor\":\"middle\",\"text\":\"default-text\",\"font-family\":\"\\\"Arial\\\"\",\"font-size\":10,\"stroke\":\"none\",\"fill\":\"black\"},\"transform\":\"\",\"id\":\"vmrc0\"}]', '2018-08-10 21:43:12', 0, 0),
(28, 'test@test', 'kgtu', '', 1, 2, '[{\"data\":{\"id\":\"yu9mp\",\"setName\":\"nameyu9mp\",\"desc\":\"default-text\",\"type\":\"rect\"},\"type\":\"rect\",\"attrs\":{\"x\":465,\"y\":153,\"width\":100,\"height\":40,\"rx\":0,\"ry\":0,\"fill\":\"white\",\"stroke\":\"#000\",\"cursor\":\"move\"},\"transform\":\"\",\"id\":\"yu9mp\"},{\"data\":{\"id\":\"akq1w\",\"setName\":\"nameyu9mp\",\"parentID\":\"yu9mp\",\"type\":\"hide\"},\"type\":\"path\",\"attrs\":{\"fill\":\"none\",\"stroke\":\"rgb(0, 200, 0)\",\"path\":[[\"M\",470,163],[\"L\",480,163],[\"M\",475,158],[\"L\",475,168]],\"stroke-width\":3,\"x\":0,\"y\":0},\"transform\":\"\",\"id\":\"akq1w\"},{\"data\":{\"id\":\"s1ynb\",\"setName\":\"nameyu9mp\",\"type\":\"shape_text\",\"parent\":\"yu9mp\"},\"type\":\"text\",\"attrs\":{\"x\":480,\"y\":173,\"text-anchor\":\"start\",\"text\":\"default-text\",\"font-family\":\"\\\"Arial\\\"\",\"font-size\":10,\"stroke\":\"none\",\"fill\":\"black\"},\"transform\":\"\",\"id\":\"s1ynb\"}]', '2018-08-10 21:51:52', 1, 0),
(29, 'test@test', 'daw', '', 1, 2, '[{\"data\":{\"id\":\"2mdlu\",\"setName\":\"name2mdlu\",\"desc\":\"default-text\",\"type\":\"rect\"},\"type\":\"rect\",\"attrs\":{\"x\":218,\"y\":215,\"width\":100,\"height\":40,\"rx\":0,\"ry\":0,\"fill\":\"white\",\"stroke\":\"#000\",\"cursor\":\"move\"},\"transform\":\"\",\"id\":\"2mdlu\"},{\"data\":{\"id\":\"23kcq\",\"setName\":\"name2mdlu\",\"parentID\":\"2mdlu\",\"type\":\"hide\"},\"type\":\"path\",\"attrs\":{\"fill\":\"none\",\"stroke\":\"rgb(0, 200, 0)\",\"path\":[[\"M\",223,225],[\"L\",233,225],[\"M\",228,220],[\"L\",228,230]],\"stroke-width\":3,\"x\":0,\"y\":0},\"transform\":\"\",\"id\":\"23kcq\"},{\"data\":{\"id\":\"dh0xy\",\"setName\":\"name2mdlu\",\"type\":\"shape_text\",\"parent\":\"2mdlu\"},\"type\":\"text\",\"attrs\":{\"x\":233,\"y\":235,\"text-anchor\":\"start\",\"text\":\"default-text\",\"font-family\":\"\\\"Arial\\\"\",\"font-size\":10,\"stroke\":\"none\",\"fill\":\"black\"},\"transform\":\"\",\"id\":\"dh0xy\"}]', '2018-08-10 21:54:07', 0, 0),
(30, 'test@test', 'gegqgegq', '', 0, 4, '[{\"data\":{\"id\":\"3w2dj\",\"setName\":\"name3w2dj\",\"type\":\"decision\"},\"type\":\"rect\",\"attrs\":{\"x\":179.0000000131909,\"y\":214.0000000131909,\"width\":50,\"height\":50,\"rx\":0,\"ry\":0,\"fill\":\"white\",\"stroke\":\"#000\",\"cursor\":\"move\"},\"transform\":\"\",\"id\":\"3w2dj\"},{\"data\":{\"id\":\"hsdnn\",\"setName\":\"name3w2dj\",\"type\":\"shape_text\",\"parent\":\"3w2dj\"},\"type\":\"text\",\"attrs\":{\"x\":204,\"y\":239,\"text-anchor\":\"middle\",\"text\":\"default-text\",\"font-family\":\"\\\"Arial\\\"\",\"font-size\":10,\"stroke\":\"none\",\"fill\":\"black\"},\"transform\":\"\",\"id\":\"hsdnn\"},{\"data\":{\"id\":\"s9uvc\",\"setName\":\"names9uvc\",\"desc\":\"default-text\",\"type\":\"rect\"},\"type\":\"rect\",\"attrs\":{\"x\":145,\"y\":94,\"width\":100,\"height\":40,\"rx\":0,\"ry\":0,\"fill\":\"white\",\"stroke\":\"#000\",\"cursor\":\"move\"},\"transform\":\"\",\"id\":\"s9uvc\"},{\"data\":{\"id\":\"ureff\",\"setName\":\"names9uvc\",\"parentID\":\"s9uvc\",\"type\":\"hide\"},\"type\":\"path\",\"attrs\":{\"fill\":\"none\",\"stroke\":\"rgb(0, 200, 0)\",\"path\":[[\"M\",150,104],[\"L\",160,104],[\"M\",155,99],[\"L\",155,109]],\"stroke-width\":3,\"x\":0,\"y\":0},\"transform\":\"\",\"id\":\"ureff\"},{\"data\":{\"id\":\"tkncv\",\"setName\":\"names9uvc\",\"type\":\"shape_text\",\"parent\":\"s9uvc\"},\"type\":\"text\",\"attrs\":{\"x\":160,\"y\":114,\"text-anchor\":\"start\",\"text\":\"default-text\",\"font-family\":\"\\\"Arial\\\"\",\"font-size\":10,\"stroke\":\"none\",\"fill\":\"black\"},\"transform\":\"\",\"id\":\"tkncv\"}]', '2018-08-10 21:55:21', 0, 1),
(31, 'test@test', 'kstkst', '', 0, 4, '[{\"data\":{\"id\":\"307xn\",\"setName\":\"name307xn\",\"desc\":\"default-text\",\"type\":\"rect\"},\"type\":\"rect\",\"attrs\":{\"x\":151,\"y\":156,\"width\":100,\"height\":40,\"rx\":0,\"ry\":0,\"fill\":\"white\",\"stroke\":\"#000\",\"cursor\":\"move\"},\"transform\":\"\",\"id\":\"307xn\"},{\"data\":{\"id\":\"9xquq\",\"setName\":\"name307xn\",\"parentID\":\"307xn\",\"type\":\"hide\"},\"type\":\"path\",\"attrs\":{\"fill\":\"none\",\"stroke\":\"rgb(0, 200, 0)\",\"path\":[[\"M\",156,166],[\"L\",166,166],[\"M\",161,161],[\"L\",161,171]],\"stroke-width\":3,\"x\":0,\"y\":0},\"transform\":\"\",\"id\":\"9xquq\"},{\"data\":{\"id\":\"aoy59\",\"setName\":\"name307xn\",\"type\":\"shape_text\",\"parent\":\"307xn\"},\"type\":\"text\",\"attrs\":{\"x\":166,\"y\":176,\"text-anchor\":\"start\",\"text\":\"default-text\",\"font-family\":\"\\\"Arial\\\"\",\"font-size\":10,\"stroke\":\"none\",\"fill\":\"black\"},\"transform\":\"\",\"id\":\"aoy59\"}]', '2018-08-10 21:55:58', 1, 1),
(32, 'test@test', 'aegaegaegea', '', 1, 4, '[{\"data\":{\"id\":\"doolh\",\"setName\":\"namedoolh\",\"desc\":\"default-text\",\"type\":\"rect\"},\"type\":\"rect\",\"attrs\":{\"x\":337,\"y\":143,\"width\":100,\"height\":40,\"rx\":0,\"ry\":0,\"fill\":\"white\",\"stroke\":\"#000\",\"cursor\":\"move\"},\"transform\":\"\",\"id\":\"doolh\"},{\"data\":{\"id\":\"1wtcv\",\"setName\":\"namedoolh\",\"parentID\":\"doolh\",\"type\":\"hide\"},\"type\":\"path\",\"attrs\":{\"fill\":\"none\",\"stroke\":\"rgb(0, 200, 0)\",\"path\":[[\"M\",342,153],[\"L\",352,153],[\"M\",347,148],[\"L\",347,158]],\"stroke-width\":3,\"x\":0,\"y\":0},\"transform\":\"\",\"id\":\"1wtcv\"},{\"data\":{\"id\":\"wlxlq\",\"setName\":\"namedoolh\",\"type\":\"shape_text\",\"parent\":\"doolh\"},\"type\":\"text\",\"attrs\":{\"x\":352,\"y\":163,\"text-anchor\":\"start\",\"text\":\"default-text\",\"font-family\":\"\\\"Arial\\\"\",\"font-size\":10,\"stroke\":\"none\",\"fill\":\"black\"},\"transform\":\"\",\"id\":\"wlxlq\"}]', '2018-08-10 21:56:27', 0, 1);
INSERT INTO `graph` (`id`, `e-mail`, `name`, `description`, `visual`, `algorithm_type`, `data`, `created`, `private`, `curated`) VALUES
(33, 'test@test', 'awfqwg', '', 0, 4, '[{\"data\":{\"id\":\"yfv3n\",\"setName\":\"nameyfv3n\",\"type\":\"decision\"},\"type\":\"rect\",\"attrs\":{\"x\":362.0000000131909,\"y\":180.00000001319088,\"width\":50,\"height\":50,\"rx\":0,\"ry\":0,\"fill\":\"white\",\"stroke\":\"#000\",\"cursor\":\"move\"},\"transform\":\"\",\"id\":\"yfv3n\"},{\"data\":{\"id\":\"r2k4h\",\"setName\":\"nameyfv3n\",\"type\":\"shape_text\",\"parent\":\"yfv3n\"},\"type\":\"text\",\"attrs\":{\"x\":387,\"y\":205,\"text-anchor\":\"middle\",\"text\":\"default-text\",\"font-family\":\"\\\"Arial\\\"\",\"font-size\":10,\"stroke\":\"none\",\"fill\":\"black\"},\"transform\":\"\",\"id\":\"r2k4h\"}]', '2018-08-10 21:57:11', 0, 0),
(34, 'test@test', 'qgqegqegqegqeg', '', 0, 1, '[{\"data\":{\"id\":\"fixlo\",\"setName\":\"namefixlo\",\"type\":\"decision\"},\"type\":\"rect\",\"attrs\":{\"x\":318.0000000131909,\"y\":303.0000000131909,\"width\":50,\"height\":50,\"rx\":0,\"ry\":0,\"fill\":\"white\",\"stroke\":\"#000\",\"cursor\":\"move\"},\"transform\":\"\",\"id\":\"fixlo\"},{\"data\":{\"id\":\"moluh\",\"setName\":\"namefixlo\",\"type\":\"shape_text\",\"parent\":\"fixlo\"},\"type\":\"text\",\"attrs\":{\"x\":343,\"y\":328,\"text-anchor\":\"middle\",\"text\":\"default-text\",\"font-family\":\"\\\"Arial\\\"\",\"font-size\":10,\"stroke\":\"none\",\"fill\":\"black\"},\"transform\":\"\",\"id\":\"moluh\"},{\"data\":{\"id\":\"bnkaf\",\"setName\":\"namebnkaf\",\"desc\":\"default-text\",\"type\":\"rect\"},\"type\":\"rect\",\"attrs\":{\"x\":234,\"y\":119,\"width\":100,\"height\":40,\"rx\":0,\"ry\":0,\"fill\":\"white\",\"stroke\":\"#000\",\"cursor\":\"move\"},\"transform\":\"\",\"id\":\"bnkaf\"},{\"data\":{\"id\":\"mooaq\",\"setName\":\"namebnkaf\",\"parentID\":\"bnkaf\",\"type\":\"hide\"},\"type\":\"path\",\"attrs\":{\"fill\":\"none\",\"stroke\":\"rgb(0, 200, 0)\",\"path\":[[\"M\",239,129],[\"L\",249,129],[\"M\",244,124],[\"L\",244,134]],\"stroke-width\":3,\"x\":0,\"y\":0},\"transform\":\"\",\"id\":\"mooaq\"},{\"data\":{\"id\":\"ba87l\",\"setName\":\"namebnkaf\",\"type\":\"shape_text\",\"parent\":\"bnkaf\"},\"type\":\"text\",\"attrs\":{\"x\":249,\"y\":139,\"text-anchor\":\"start\",\"text\":\"default-text\",\"font-family\":\"\\\"Arial\\\"\",\"font-size\":10,\"stroke\":\"none\",\"fill\":\"black\"},\"transform\":\"\",\"id\":\"ba87l\"}]', '2018-08-10 21:57:30', 1, 0),
(35, 'test@test', 'aegqegqegqeg', '', 0, 1, '[{\"data\":{\"id\":\"q32en\",\"setName\":\"nameq32en\",\"desc\":\"default-text\",\"type\":\"rect\"},\"type\":\"rect\",\"attrs\":{\"x\":404,\"y\":183,\"width\":100,\"height\":40,\"rx\":0,\"ry\":0,\"fill\":\"white\",\"stroke\":\"#000\",\"cursor\":\"move\"},\"transform\":\"\",\"id\":\"q32en\"},{\"data\":{\"id\":\"yrw39\",\"setName\":\"nameq32en\",\"parentID\":\"q32en\",\"type\":\"hide\"},\"type\":\"path\",\"attrs\":{\"fill\":\"none\",\"stroke\":\"rgb(0, 200, 0)\",\"path\":[[\"M\",409,193],[\"L\",419,193],[\"M\",414,188],[\"L\",414,198]],\"stroke-width\":3,\"x\":0,\"y\":0},\"transform\":\"\",\"id\":\"yrw39\"},{\"data\":{\"id\":\"h9kai\",\"setName\":\"nameq32en\",\"type\":\"shape_text\",\"parent\":\"q32en\"},\"type\":\"text\",\"attrs\":{\"x\":419,\"y\":203,\"text-anchor\":\"start\",\"text\":\"default-text\",\"font-family\":\"\\\"Arial\\\"\",\"font-size\":10,\"stroke\":\"none\",\"fill\":\"black\"},\"transform\":\"\",\"id\":\"h9kai\"}]', '2018-08-10 21:58:00', 1, 0),
(36, 'test@test', 'ARRRRRRRRRRRRRRRR', '', 1, 4, '[{\"data\":{\"id\":\"n6j78\",\"setName\":\"namen6j78\",\"desc\":\"default-text\",\"type\":\"rect\"},\"type\":\"rect\",\"attrs\":{\"x\":100,\"y\":200,\"width\":100,\"height\":40,\"rx\":0,\"ry\":0,\"fill\":\"white\",\"stroke\":\"#000\",\"cursor\":\"move\"},\"transform\":\"\",\"id\":\"n6j78\"},{\"data\":{\"id\":\"xvynm\",\"setName\":\"namen6j78\",\"parentID\":\"n6j78\",\"type\":\"hide\"},\"type\":\"path\",\"attrs\":{\"fill\":\"none\",\"stroke\":\"rgb(0, 200, 0)\",\"path\":[[\"M\",105,210],[\"L\",115,210],[\"M\",110,205],[\"L\",110,215]],\"stroke-width\":3,\"x\":0,\"y\":0},\"transform\":\"\",\"id\":\"xvynm\"},{\"data\":{\"id\":\"h7ecz\",\"setName\":\"namen6j78\",\"type\":\"shape_text\",\"parent\":\"n6j78\"},\"type\":\"text\",\"attrs\":{\"x\":115,\"y\":220,\"text-anchor\":\"start\",\"text\":\"default-text\",\"font-family\":\"\\\"Arial\\\"\",\"font-size\":10,\"stroke\":\"none\",\"fill\":\"black\"},\"transform\":\"\",\"id\":\"h7ecz\"},{\"data\":{\"id\":\"2ejlt\",\"setName\":\"name2ejlt\",\"type\":\"decision\"},\"type\":\"rect\",\"attrs\":{\"x\":302.0000000131909,\"y\":119.0000000131909,\"width\":50,\"height\":50,\"rx\":0,\"ry\":0,\"fill\":\"white\",\"stroke\":\"#000\",\"cursor\":\"move\"},\"transform\":\"\",\"id\":\"2ejlt\"},{\"data\":{\"id\":\"momu2\",\"setName\":\"name2ejlt\",\"type\":\"shape_text\",\"parent\":\"2ejlt\"},\"type\":\"text\",\"attrs\":{\"x\":327,\"y\":144,\"text-anchor\":\"middle\",\"text\":\"default-text\",\"font-family\":\"\\\"Arial\\\"\",\"font-size\":10,\"stroke\":\"none\",\"fill\":\"black\"},\"transform\":\"\",\"id\":\"momu2\"}]', '2018-08-10 21:59:16', 1, 1),
(37, 'test@test', 'gagawgawgawga', '', 1, 4, '[{\"data\":{\"id\":\"tf0ve\",\"setName\":\"nametf0ve\",\"type\":\"decision\"},\"type\":\"rect\",\"attrs\":{\"x\":278.0000000131909,\"y\":181.0000000131909,\"width\":50,\"height\":50,\"rx\":0,\"ry\":0,\"fill\":\"white\",\"stroke\":\"#000\",\"cursor\":\"move\"},\"transform\":\"\",\"id\":\"tf0ve\"},{\"data\":{\"id\":\"ixug5\",\"setName\":\"nametf0ve\",\"type\":\"shape_text\",\"parent\":\"tf0ve\"},\"type\":\"text\",\"attrs\":{\"x\":303,\"y\":206,\"text-anchor\":\"middle\",\"text\":\"default-text\",\"font-family\":\"\\\"Arial\\\"\",\"font-size\":10,\"stroke\":\"none\",\"fill\":\"black\"},\"transform\":\"\",\"id\":\"ixug5\"},{\"data\":{\"id\":\"hv392\",\"setName\":\"namehv392\",\"desc\":\"default-text\",\"type\":\"rect\"},\"type\":\"rect\",\"attrs\":{\"x\":194,\"y\":281,\"width\":100,\"height\":40,\"rx\":0,\"ry\":0,\"fill\":\"white\",\"stroke\":\"#000\",\"cursor\":\"move\"},\"transform\":\"\",\"id\":\"hv392\"},{\"data\":{\"id\":\"skj2v\",\"setName\":\"namehv392\",\"parentID\":\"hv392\",\"type\":\"hide\"},\"type\":\"path\",\"attrs\":{\"fill\":\"none\",\"stroke\":\"rgb(0, 200, 0)\",\"path\":[[\"M\",199,291],[\"L\",209,291],[\"M\",204,286],[\"L\",204,296]],\"stroke-width\":3,\"x\":0,\"y\":0},\"transform\":\"\",\"id\":\"skj2v\"},{\"data\":{\"id\":\"ilx7w\",\"setName\":\"namehv392\",\"type\":\"shape_text\",\"parent\":\"hv392\"},\"type\":\"text\",\"attrs\":{\"x\":209,\"y\":301,\"text-anchor\":\"start\",\"text\":\"default-text\",\"font-family\":\"\\\"Arial\\\"\",\"font-size\":10,\"stroke\":\"none\",\"fill\":\"black\"},\"transform\":\"\",\"id\":\"ilx7w\"}]', '2018-08-10 22:00:26', 1, 1),
(38, 'test@test', 'tetetetetegess', '', 1, 2, '[{\"data\":{\"id\":\"ac0jk\",\"setName\":\"nameac0jk\",\"desc\":\"default-text\",\"type\":\"rect\"},\"type\":\"rect\",\"attrs\":{\"x\":179,\"y\":202,\"width\":100,\"height\":40,\"rx\":0,\"ry\":0,\"fill\":\"white\",\"stroke\":\"#000\",\"cursor\":\"move\"},\"transform\":\"\",\"id\":\"ac0jk\"},{\"data\":{\"id\":\"ix187\",\"setName\":\"nameac0jk\",\"parentID\":\"ac0jk\",\"type\":\"hide\"},\"type\":\"path\",\"attrs\":{\"fill\":\"none\",\"stroke\":\"rgb(0, 200, 0)\",\"path\":[[\"M\",184,212],[\"L\",194,212],[\"M\",189,207],[\"L\",189,217]],\"stroke-width\":3,\"x\":0,\"y\":0},\"transform\":\"\",\"id\":\"ix187\"},{\"data\":{\"id\":\"djnse\",\"setName\":\"nameac0jk\",\"type\":\"shape_text\",\"parent\":\"ac0jk\"},\"type\":\"text\",\"attrs\":{\"x\":194,\"y\":222,\"text-anchor\":\"start\",\"text\":\"default-text\",\"font-family\":\"\\\"Arial\\\"\",\"font-size\":10,\"stroke\":\"none\",\"fill\":\"black\"},\"transform\":\"\",\"id\":\"djnse\"}]', '2018-08-10 22:02:14', 1, 1),
(39, 'test@test', ',fx,g,xg.xg.g', '', 1, 2, '[{\"data\":{\"id\":\"o0nx7\",\"setName\":\"nameo0nx7\",\"type\":\"decision\"},\"type\":\"rect\",\"attrs\":{\"x\":117.0000000131909,\"y\":202.00000001319088,\"width\":50,\"height\":50,\"rx\":0,\"ry\":0,\"fill\":\"white\",\"stroke\":\"#000\",\"cursor\":\"move\"},\"transform\":\"\",\"id\":\"o0nx7\"},{\"data\":{\"id\":\"5ix0z\",\"setName\":\"nameo0nx7\",\"type\":\"shape_text\",\"parent\":\"o0nx7\"},\"type\":\"text\",\"attrs\":{\"x\":142,\"y\":227,\"text-anchor\":\"middle\",\"text\":\"default-text\",\"font-family\":\"\\\"Arial\\\"\",\"font-size\":10,\"stroke\":\"none\",\"fill\":\"black\"},\"transform\":\"\",\"id\":\"5ix0z\"}]', '2018-08-10 22:03:01', 0, 0),
(40, 'test@test', 'rjrajak', '', 1, 4, '[{\"data\":{\"id\":\"tdnbg\",\"setName\":\"nametdnbg\",\"type\":\"decision\"},\"type\":\"rect\",\"attrs\":{\"x\":293.00000001319086,\"y\":213.00000001319088,\"width\":50,\"height\":50,\"rx\":0,\"ry\":0,\"fill\":\"white\",\"stroke\":\"#000\",\"cursor\":\"move\"},\"transform\":\"\",\"id\":\"tdnbg\"},{\"data\":{\"id\":\"4pihg\",\"setName\":\"nametdnbg\",\"type\":\"shape_text\",\"parent\":\"tdnbg\"},\"type\":\"text\",\"attrs\":{\"x\":318,\"y\":238,\"text-anchor\":\"middle\",\"text\":\"default-text\",\"font-family\":\"\\\"Arial\\\"\",\"font-size\":10,\"stroke\":\"none\",\"fill\":\"black\"},\"transform\":\"\",\"id\":\"4pihg\"}]', '2018-08-10 22:03:37', 1, 0),
(41, 'test@test', 'he5eu333', '', 1, 4, '[{\"data\":{\"id\":\"r770j\",\"setName\":\"namer770j\",\"desc\":\"default-text\",\"type\":\"rect\"},\"type\":\"rect\",\"attrs\":{\"x\":215,\"y\":145,\"width\":100,\"height\":40,\"rx\":0,\"ry\":0,\"fill\":\"white\",\"stroke\":\"#000\",\"cursor\":\"move\"},\"transform\":\"\",\"id\":\"r770j\"},{\"data\":{\"id\":\"9iu6q\",\"setName\":\"namer770j\",\"parentID\":\"r770j\",\"type\":\"hide\"},\"type\":\"path\",\"attrs\":{\"fill\":\"none\",\"stroke\":\"rgb(0, 200, 0)\",\"path\":[[\"M\",220,155],[\"L\",230,155],[\"M\",225,150],[\"L\",225,160]],\"stroke-width\":3,\"x\":0,\"y\":0},\"transform\":\"\",\"id\":\"9iu6q\"},{\"data\":{\"id\":\"0hfid\",\"setName\":\"namer770j\",\"type\":\"shape_text\",\"parent\":\"r770j\"},\"type\":\"text\",\"attrs\":{\"x\":230,\"y\":165,\"text-anchor\":\"start\",\"text\":\"default-text\",\"font-family\":\"\\\"Arial\\\"\",\"font-size\":10,\"stroke\":\"none\",\"fill\":\"black\"},\"transform\":\"\",\"id\":\"0hfid\"},{\"data\":{\"id\":\"9yjw7\",\"setName\":\"name9yjw7\",\"type\":\"decision\"},\"type\":\"rect\",\"attrs\":{\"x\":194.00000001319088,\"y\":297.00000001319086,\"width\":50,\"height\":50,\"rx\":0,\"ry\":0,\"fill\":\"white\",\"stroke\":\"#000\",\"cursor\":\"move\"},\"transform\":\"\",\"id\":\"9yjw7\"},{\"data\":{\"id\":\"ku913\",\"setName\":\"name9yjw7\",\"type\":\"shape_text\",\"parent\":\"9yjw7\"},\"type\":\"text\",\"attrs\":{\"x\":219,\"y\":322,\"text-anchor\":\"middle\",\"text\":\"default-text\",\"font-family\":\"\\\"Arial\\\"\",\"font-size\":10,\"stroke\":\"none\",\"fill\":\"black\"},\"transform\":\"\",\"id\":\"ku913\"},{\"data\":{\"id\":\"ky4ya\",\"setName\":\"name2\",\"fromTo\":\"9yjw7 r770j\",\"type\":\"connection\",\"id_connection\":2},\"type\":\"path\",\"attrs\":{\"fill\":\"none\",\"stroke\":\"black\",\"path\":[[\"M\",255.355,322],[\"C\",265.355,322,265,254,265,186]],\"arrow-end\":\"classic-wide-long\",\"stroke-width\":3,\"x\":0,\"y\":0},\"transform\":\"\",\"id\":\"ky4ya\"},{\"data\":{\"id\":\"h1sfo\",\"type\":\"sub_path\"},\"type\":\"path\",\"attrs\":{\"fill\":\"none\",\"stroke\":\"#f1f1f1\",\"path\":[[\"M\",264.33787365441674,268.5613942578232],[\"C\",264.52550932005414,262.4087950623175,264.66041017396606,255.8935107057914,264.75729465961456,249.1089916229248]],\"stroke-width\":\"6\",\"x\":0,\"y\":0},\"transform\":\"\",\"id\":\"h1sfo\"},{\"data\":{\"id\":\"pdf3e\",\"type\":\"connection_text\",\"id_connection\":2},\"type\":\"text\",\"attrs\":{\"x\":264.58634112926643,\"y\":258.8498508889097,\"text-anchor\":\"middle\",\"text\":\"default-text\",\"font-family\":\"\\\"Arial\\\"\",\"font-size\":12,\"stroke\":\"none\",\"fill\":\"black\"},\"transform\":\"\",\"id\":\"pdf3e\"}]', '2018-08-10 22:27:41', 1, 0),
(42, 'test@test', 'afafa', '', 1, 6, '[{\"data\":{\"id\":\"g1jdw\",\"setName\":\"nameg1jdw\",\"desc\":\"default-text\",\"type\":\"rect\"},\"type\":\"rect\",\"attrs\":{\"x\":114,\"y\":197,\"width\":100,\"height\":40,\"rx\":0,\"ry\":0,\"fill\":\"white\",\"stroke\":\"#000\",\"cursor\":\"move\"},\"transform\":\"\",\"id\":\"g1jdw\"},{\"data\":{\"id\":\"atosr\",\"setName\":\"nameg1jdw\",\"parentID\":\"g1jdw\",\"type\":\"hide\"},\"type\":\"path\",\"attrs\":{\"fill\":\"none\",\"stroke\":\"rgb(0, 200, 0)\",\"path\":[[\"M\",119,207],[\"L\",129,207],[\"M\",124,202],[\"L\",124,212]],\"stroke-width\":3,\"x\":0,\"y\":0},\"transform\":\"\",\"id\":\"atosr\"},{\"data\":{\"id\":\"bigwd\",\"setName\":\"nameg1jdw\",\"type\":\"shape_text\",\"parent\":\"g1jdw\"},\"type\":\"text\",\"attrs\":{\"x\":129,\"y\":217,\"text-anchor\":\"start\",\"text\":\"default-text\",\"font-family\":\"\\\"Arial\\\"\",\"font-size\":10,\"stroke\":\"none\",\"fill\":\"black\"},\"transform\":\"\",\"id\":\"bigwd\"},{\"data\":{\"id\":\"5lsu8\",\"setName\":\"name5lsu8\",\"type\":\"decision\"},\"type\":\"rect\",\"attrs\":{\"x\":234.00000001319088,\"y\":293.00000001319086,\"width\":50,\"height\":50,\"rx\":0,\"ry\":0,\"fill\":\"white\",\"stroke\":\"#000\",\"cursor\":\"move\"},\"transform\":\"\",\"id\":\"5lsu8\"},{\"data\":{\"id\":\"rzbvt\",\"setName\":\"name5lsu8\",\"type\":\"shape_text\",\"parent\":\"5lsu8\"},\"type\":\"text\",\"attrs\":{\"x\":259,\"y\":318,\"text-anchor\":\"middle\",\"text\":\"default-text\",\"font-family\":\"\\\"Arial\\\"\",\"font-size\":10,\"stroke\":\"none\",\"fill\":\"black\"},\"transform\":\"\",\"id\":\"rzbvt\"}]', '2018-08-10 22:30:46', 1, 1),
(43, 'test@test', 'aeneNETNtttttttttttttttttT', 'fwwfwfw', 1, 3, '[{\"data\":{\"id\":\"k5pch\",\"setName\":\"namek5pch\",\"type\":\"decision\"},\"type\":\"rect\",\"attrs\":{\"x\":60.000000013190885,\"y\":186.0000000131909,\"width\":50,\"height\":50,\"rx\":0,\"ry\":0,\"fill\":\"white\",\"stroke\":\"#000\",\"cursor\":\"move\"},\"transform\":\"\",\"id\":\"k5pch\"},{\"data\":{\"id\":\"39p28\",\"setName\":\"namek5pch\",\"type\":\"shape_text\",\"parent\":\"k5pch\"},\"type\":\"text\",\"attrs\":{\"x\":85,\"y\":211,\"text-anchor\":\"middle\",\"text\":\"default-text\",\"font-family\":\"\\\"Arial\\\"\",\"font-size\":10,\"stroke\":\"none\",\"fill\":\"black\"},\"transform\":\"\",\"id\":\"39p28\"},{\"data\":{\"id\":\"e4s5o\",\"setName\":\"namee4s5o\",\"desc\":\"default-text\",\"type\":\"rect\"},\"type\":\"rect\",\"attrs\":{\"x\":362,\"y\":133,\"width\":100,\"height\":40,\"rx\":0,\"ry\":0,\"fill\":\"white\",\"stroke\":\"#000\",\"cursor\":\"move\"},\"transform\":\"\",\"id\":\"e4s5o\"},{\"data\":{\"id\":\"7v2uc\",\"setName\":\"namee4s5o\",\"parentID\":\"e4s5o\",\"type\":\"hide\"},\"type\":\"path\",\"attrs\":{\"fill\":\"none\",\"stroke\":\"rgb(0, 200, 0)\",\"path\":[[\"M\",227,192],[\"L\",237,192],[\"M\",232,187],[\"L\",232,197]],\"stroke-width\":3,\"x\":140,\"y\":-49},\"transform\":\"\",\"id\":\"7v2uc\"},{\"data\":{\"id\":\"dtydz\",\"setName\":\"namee4s5o\",\"type\":\"shape_text\",\"parent\":\"e4s5o\"},\"type\":\"text\",\"attrs\":{\"x\":377,\"y\":153,\"text-anchor\":\"start\",\"text\":\"default-text\",\"font-family\":\"\\\"Arial\\\"\",\"font-size\":10,\"stroke\":\"none\",\"fill\":\"black\"},\"transform\":\"\",\"id\":\"dtydz\"},{\"data\":{\"id\":\"3s69t\",\"setName\":\"name2\",\"fromTo\":\"k5pch e4s5o\",\"type\":\"connection\",\"id_connection\":2},\"type\":\"path\",\"attrs\":{\"fill\":\"none\",\"stroke\":\"black\",\"path\":[[\"M\",121.355,211],[\"C\",241.178,211,241.178,153,361,153]],\"arrow-end\":\"classic-wide-long\",\"stroke-width\":3,\"x\":0,\"y\":0},\"transform\":\"\",\"id\":\"3s69t\"},{\"data\":{\"id\":\"ser5k\",\"type\":\"sub_path\"},\"type\":\"path\",\"attrs\":{\"fill\":\"none\",\"stroke\":\"#f1f1f1\",\"path\":[[\"M\",224.167844281462,190.04375522483875],[\"C\",233.4732868276876,185.84415118075532,242.27385209396462,181.4001670815627,251.37942746585912,177.1038283679154]],\"stroke-width\":\"6\",\"x\":0,\"y\":0},\"transform\":\"\",\"id\":\"ser5k\"},{\"data\":{\"id\":\"ze4ty\",\"type\":\"connection_text\",\"id_connection\":2},\"type\":\"text\",\"attrs\":{\"x\":237.79749853072826,\"y\":183.63472740905127,\"text-anchor\":\"middle\",\"text\":\"default-text\",\"font-family\":\"\\\"Arial\\\"\",\"font-size\":12,\"stroke\":\"none\",\"fill\":\"black\"},\"transform\":\"\",\"id\":\"ze4ty\"}]', '2018-08-10 22:32:36', 1, 0),
(44, 'test@test', 'REEEEEEEEEEEEEEEEERTTT', '', 0, 2, '[{\"data\":{\"id\":\"evlff\",\"setName\":\"nameevlff\",\"desc\":\"default-text\",\"type\":\"rect\"},\"type\":\"rect\",\"attrs\":{\"x\":78,\"y\":131,\"width\":100,\"height\":40,\"rx\":0,\"ry\":0,\"fill\":\"white\",\"stroke\":\"#000\",\"cursor\":\"move\"},\"transform\":\"\",\"id\":\"evlff\"},{\"data\":{\"id\":\"r7d1b\",\"setName\":\"nameevlff\",\"parentID\":\"evlff\",\"type\":\"hide\"},\"type\":\"path\",\"attrs\":{\"fill\":\"none\",\"stroke\":\"rgb(0, 200, 0)\",\"path\":[[\"M\",83,141],[\"L\",93,141],[\"M\",88,136],[\"L\",88,146]],\"stroke-width\":3,\"x\":0,\"y\":0},\"transform\":\"\",\"id\":\"r7d1b\"},{\"data\":{\"id\":\"nsx0x\",\"setName\":\"nameevlff\",\"type\":\"shape_text\",\"parent\":\"evlff\"},\"type\":\"text\",\"attrs\":{\"x\":93,\"y\":151,\"text-anchor\":\"start\",\"text\":\"default-text\",\"font-family\":\"\\\"Arial\\\"\",\"font-size\":10,\"stroke\":\"none\",\"fill\":\"black\"},\"transform\":\"\",\"id\":\"nsx0x\"},{\"data\":{\"id\":\"kxo9m\",\"setName\":\"namekxo9m\",\"type\":\"decision\"},\"type\":\"rect\",\"attrs\":{\"x\":314.0000000131909,\"y\":297.00000001319086,\"width\":50,\"height\":50,\"rx\":0,\"ry\":0,\"fill\":\"white\",\"stroke\":\"#000\",\"cursor\":\"move\"},\"transform\":\"\",\"id\":\"kxo9m\"},{\"data\":{\"id\":\"kn181\",\"setName\":\"namekxo9m\",\"type\":\"shape_text\",\"parent\":\"kxo9m\"},\"type\":\"text\",\"attrs\":{\"x\":339,\"y\":322,\"text-anchor\":\"middle\",\"text\":\"default-text\",\"font-family\":\"\\\"Arial\\\"\",\"font-size\":10,\"stroke\":\"none\",\"fill\":\"black\"},\"transform\":\"\",\"id\":\"kn181\"}]', '2018-08-10 22:34:56', 1, 1),
(45, 'test@test', 'wgwgegwgwegwegwegw', '', 1, 2, '[{\"data\":{\"id\":\"xawe3\",\"setName\":\"namexawe3\",\"desc\":\"default-text\",\"type\":\"rect\"},\"type\":\"rect\",\"attrs\":{\"x\":90,\"y\":119,\"width\":100,\"height\":40,\"rx\":0,\"ry\":0,\"fill\":\"white\",\"stroke\":\"#000\",\"cursor\":\"move\"},\"transform\":\"\",\"id\":\"xawe3\"},{\"data\":{\"id\":\"glgle\",\"setName\":\"namexawe3\",\"parentID\":\"xawe3\",\"type\":\"hide\"},\"type\":\"path\",\"attrs\":{\"fill\":\"none\",\"stroke\":\"rgb(0, 200, 0)\",\"path\":[[\"M\",95,129],[\"L\",105,129],[\"M\",100,124],[\"L\",100,134]],\"stroke-width\":3,\"x\":0,\"y\":0},\"transform\":\"\",\"id\":\"glgle\"},{\"data\":{\"id\":\"x0z5m\",\"setName\":\"namexawe3\",\"type\":\"shape_text\",\"parent\":\"xawe3\"},\"type\":\"text\",\"attrs\":{\"x\":105,\"y\":139,\"text-anchor\":\"start\",\"text\":\"default-text\",\"font-family\":\"\\\"Arial\\\"\",\"font-size\":10,\"stroke\":\"none\",\"fill\":\"black\"},\"transform\":\"\",\"id\":\"x0z5m\"},{\"data\":{\"id\":\"5zjja\",\"setName\":\"name5zjja\",\"type\":\"decision\"},\"type\":\"rect\",\"attrs\":{\"x\":106.0000000131909,\"y\":256.00000001319086,\"width\":50,\"height\":50,\"rx\":0,\"ry\":0,\"fill\":\"white\",\"stroke\":\"#000\",\"cursor\":\"move\"},\"transform\":\"\",\"id\":\"5zjja\"},{\"data\":{\"id\":\"51aqs\",\"setName\":\"name5zjja\",\"type\":\"shape_text\",\"parent\":\"5zjja\"},\"type\":\"text\",\"attrs\":{\"x\":131,\"y\":281,\"text-anchor\":\"middle\",\"text\":\"default-text\",\"font-family\":\"\\\"Arial\\\"\",\"font-size\":10,\"stroke\":\"none\",\"fill\":\"black\"},\"transform\":\"\",\"id\":\"51aqs\"}]', '2018-08-10 22:36:15', 1, 1),
(46, 'test@test', 'tesssst', 'tt', 1, 1, '[{\"data\":{\"id\":\"0lrlv\",\"setName\":\"name0lrlv\",\"desc\":\"default-text\",\"type\":\"rect\"},\"type\":\"rect\",\"attrs\":{\"x\":291,\"y\":163,\"width\":100,\"height\":40,\"rx\":0,\"ry\":0,\"fill\":\"white\",\"stroke\":\"#000\",\"cursor\":\"move\"},\"transform\":\"\",\"id\":\"0lrlv\"},{\"data\":{\"id\":\"ofllt\",\"setName\":\"name0lrlv\",\"parentID\":\"0lrlv\",\"type\":\"hide\"},\"type\":\"path\",\"attrs\":{\"fill\":\"none\",\"stroke\":\"rgb(0, 200, 0)\",\"path\":[[\"M\",296,173],[\"L\",306,173],[\"M\",301,168],[\"L\",301,178]],\"stroke-width\":3,\"x\":0,\"y\":0},\"transform\":\"\",\"id\":\"ofllt\"},{\"data\":{\"id\":\"o4qsv\",\"setName\":\"name0lrlv\",\"type\":\"shape_text\",\"parent\":\"0lrlv\"},\"type\":\"text\",\"attrs\":{\"x\":306,\"y\":183,\"text-anchor\":\"start\",\"text\":\"default-text\",\"font-family\":\"\\\"Arial\\\"\",\"font-size\":10,\"stroke\":\"none\",\"fill\":\"black\"},\"transform\":\"\",\"id\":\"o4qsv\"},{\"data\":{\"id\":\"rwb48\",\"setName\":\"namerwb48\",\"type\":\"decision\"},\"type\":\"rect\",\"attrs\":{\"x\":310.0000000131909,\"y\":367.0000000131909,\"width\":50,\"height\":50,\"rx\":0,\"ry\":0,\"fill\":\"white\",\"stroke\":\"#000\",\"cursor\":\"move\"},\"transform\":\"\",\"id\":\"rwb48\"},{\"data\":{\"id\":\"iiquh\",\"setName\":\"namerwb48\",\"type\":\"shape_text\",\"parent\":\"rwb48\"},\"type\":\"text\",\"attrs\":{\"x\":335,\"y\":392,\"text-anchor\":\"middle\",\"text\":\"default-text\",\"font-family\":\"\\\"Arial\\\"\",\"font-size\":10,\"stroke\":\"none\",\"fill\":\"black\"},\"transform\":\"\",\"id\":\"iiquh\"},{\"data\":{\"id\":\"5my75\",\"setName\":\"name2\",\"fromTo\":\"0lrlv rwb48\",\"type\":\"connection\",\"id_connection\":2},\"type\":\"path\",\"attrs\":{\"fill\":\"none\",\"stroke\":\"black\",\"path\":[[\"M\",341,204],[\"C\",341,279.822,335,279.822,335,355.645]],\"arrow-end\":\"classic-wide-long\",\"stroke-width\":3,\"x\":0,\"y\":0},\"transform\":\"\",\"id\":\"5my75\"},{\"data\":{\"id\":\"azma8\",\"type\":\"sub_path\"},\"type\":\"path\",\"attrs\":{\"fill\":\"none\",\"stroke\":\"#f1f1f1\",\"path\":[[\"M\",339.0455252669283,266.10659203976417],[\"C\",338.5554233068274,273.035636510982,338.0227709459141,279.4269829977069,337.50977516174316,286.0667462592125]],\"stroke-width\":\"6\",\"x\":0,\"y\":0},\"transform\":\"\",\"id\":\"azma8\"},{\"data\":{\"id\":\"0ehwd\",\"type\":\"connection_text\",\"id_connection\":2},\"type\":\"text\",\"attrs\":{\"x\":338.2951073446384,\"y\":276.0820919743566,\"text-anchor\":\"middle\",\"text\":\"default-text\",\"font-family\":\"\\\"Arial\\\"\",\"font-size\":12,\"stroke\":\"none\",\"fill\":\"black\"},\"transform\":\"\",\"id\":\"0ehwd\"}]', '2018-08-14 00:44:41', 1, 0),
(47, 'test@test', 'uuttuu', 'utu', 1, 2, '[{\"data\":{\"id\":\"7jkll\",\"setName\":\"name7jkll\",\"desc\":\"default-text\",\"type\":\"rect\"},\"type\":\"rect\",\"attrs\":{\"x\":317,\"y\":203,\"width\":100,\"height\":40,\"rx\":0,\"ry\":0,\"fill\":\"white\",\"stroke\":\"#000\",\"cursor\":\"move\"},\"transform\":\"\",\"id\":\"7jkll\"},{\"data\":{\"id\":\"j29uv\",\"setName\":\"name7jkll\",\"parentID\":\"7jkll\",\"type\":\"hide\"},\"type\":\"path\",\"attrs\":{\"fill\":\"none\",\"stroke\":\"rgb(0, 200, 0)\",\"path\":[[\"M\",322,213],[\"L\",332,213],[\"M\",327,208],[\"L\",327,218]],\"stroke-width\":3,\"x\":0,\"y\":0},\"transform\":\"\",\"id\":\"j29uv\"},{\"data\":{\"id\":\"01jlh\",\"setName\":\"name7jkll\",\"type\":\"shape_text\",\"parent\":\"7jkll\"},\"type\":\"text\",\"attrs\":{\"x\":332,\"y\":223,\"text-anchor\":\"start\",\"text\":\"default-text\",\"font-family\":\"\\\"Arial\\\"\",\"font-size\":10,\"stroke\":\"none\",\"fill\":\"black\"},\"transform\":\"\",\"id\":\"01jlh\"},{\"data\":{\"id\":\"x6i35\",\"setName\":\"namex6i35\",\"type\":\"decision\"},\"type\":\"rect\",\"attrs\":{\"x\":291.0000000131909,\"y\":395.0000000131909,\"width\":50,\"height\":50,\"rx\":0,\"ry\":0,\"fill\":\"white\",\"stroke\":\"#000\",\"cursor\":\"move\"},\"transform\":\"\",\"id\":\"x6i35\"},{\"data\":{\"id\":\"16hu5\",\"setName\":\"namex6i35\",\"type\":\"shape_text\",\"parent\":\"x6i35\"},\"type\":\"text\",\"attrs\":{\"x\":316,\"y\":420,\"text-anchor\":\"middle\",\"text\":\"default-text\",\"font-family\":\"\\\"Arial\\\"\",\"font-size\":10,\"stroke\":\"none\",\"fill\":\"black\"},\"transform\":\"\",\"id\":\"16hu5\"},{\"data\":{\"id\":\"97rwq\",\"setName\":\"name2\",\"fromTo\":\"x6i35 7jkll\",\"type\":\"connection\",\"id_connection\":2},\"type\":\"path\",\"attrs\":{\"fill\":\"none\",\"stroke\":\"black\",\"path\":[[\"M\",316,383.645],[\"C\",316,313.822,367,313.822,367,244]],\"arrow-end\":\"classic-wide-long\",\"stroke-width\":3,\"x\":0,\"y\":0},\"transform\":\"\",\"id\":\"97rwq\"},{\"data\":{\"id\":\"cse3n\",\"type\":\"sub_path\"},\"type\":\"path\",\"attrs\":{\"fill\":\"none\",\"stroke\":\"#f1f1f1\",\"path\":[[\"M\",332.0792327719643,327.2758795023291],[\"C\",336.7256647695735,320.05474454326884,341.8576638633143,313.49840318251455,346.7243976028949,306.57891426789945]],\"stroke-width\":\"6\",\"x\":0,\"y\":0},\"transform\":\"\",\"id\":\"cse3n\"},{\"data\":{\"id\":\"zslu9\",\"type\":\"connection_text\",\"id_connection\":2},\"type\":\"text\",\"attrs\":{\"x\":339.2892740765201,\"y\":316.8555246242578,\"text-anchor\":\"middle\",\"text\":\"default-text\",\"font-family\":\"\\\"Arial\\\"\",\"font-size\":12,\"stroke\":\"none\",\"fill\":\"black\"},\"transform\":\"\",\"id\":\"zslu9\"}]', '2018-08-14 00:45:11', 0, 0),
(48, 'test@test', 'ggsdshshsarh', 'g', 1, 2, '[{\"data\":{\"id\":\"okocv\",\"setName\":\"nameokocv\",\"desc\":\"default-text\",\"type\":\"rect\"},\"type\":\"rect\",\"attrs\":{\"x\":320,\"y\":118,\"width\":100,\"height\":40,\"rx\":0,\"ry\":0,\"fill\":\"white\",\"stroke\":\"#000\",\"cursor\":\"move\"},\"transform\":\"\",\"id\":\"okocv\"},{\"data\":{\"id\":\"dp4ka\",\"setName\":\"nameokocv\",\"parentID\":\"okocv\",\"type\":\"hide\"},\"type\":\"path\",\"attrs\":{\"fill\":\"none\",\"stroke\":\"rgb(0, 200, 0)\",\"path\":[[\"M\",325,128],[\"L\",335,128],[\"M\",330,123],[\"L\",330,133]],\"stroke-width\":3,\"x\":0,\"y\":0},\"transform\":\"\",\"id\":\"dp4ka\"},{\"data\":{\"id\":\"7bsih\",\"setName\":\"nameokocv\",\"type\":\"shape_text\",\"parent\":\"okocv\"},\"type\":\"text\",\"attrs\":{\"x\":335,\"y\":138,\"text-anchor\":\"start\",\"text\":\"default-text\",\"font-family\":\"\\\"Arial\\\"\",\"font-size\":10,\"stroke\":\"none\",\"fill\":\"black\"},\"transform\":\"\",\"id\":\"7bsih\"},{\"data\":{\"id\":\"u8wiv\",\"setName\":\"nameu8wiv\",\"desc\":\"default-text\",\"type\":\"rect\"},\"type\":\"rect\",\"attrs\":{\"x\":392,\"y\":382,\"width\":100,\"height\":40,\"rx\":0,\"ry\":0,\"fill\":\"white\",\"stroke\":\"#000\",\"cursor\":\"move\"},\"transform\":\"\",\"id\":\"u8wiv\"},{\"data\":{\"id\":\"6c289\",\"setName\":\"nameu8wiv\",\"parentID\":\"u8wiv\",\"type\":\"hide\"},\"type\":\"path\",\"attrs\":{\"fill\":\"none\",\"stroke\":\"rgb(0, 200, 0)\",\"path\":[[\"M\",397,392],[\"L\",407,392],[\"M\",402,387],[\"L\",402,397]],\"stroke-width\":3,\"x\":0,\"y\":0},\"transform\":\"\",\"id\":\"6c289\"},{\"data\":{\"id\":\"r5l5z\",\"setName\":\"nameu8wiv\",\"type\":\"shape_text\",\"parent\":\"u8wiv\"},\"type\":\"text\",\"attrs\":{\"x\":407,\"y\":402,\"text-anchor\":\"start\",\"text\":\"default-text\",\"font-family\":\"\\\"Arial\\\"\",\"font-size\":10,\"stroke\":\"none\",\"fill\":\"black\"},\"transform\":\"\",\"id\":\"r5l5z\"},{\"data\":{\"id\":\"las10\",\"setName\":\"namelas10\",\"type\":\"decision\"},\"type\":\"rect\",\"attrs\":{\"x\":154.00000001319088,\"y\":226.00000001319088,\"width\":50,\"height\":50,\"rx\":0,\"ry\":0,\"fill\":\"white\",\"stroke\":\"#000\",\"cursor\":\"move\"},\"transform\":\"\",\"id\":\"las10\"},{\"data\":{\"id\":\"57ntf\",\"setName\":\"namelas10\",\"type\":\"shape_text\",\"parent\":\"las10\"},\"type\":\"text\",\"attrs\":{\"x\":179,\"y\":251,\"text-anchor\":\"middle\",\"text\":\"default-text\",\"font-family\":\"\\\"Arial\\\"\",\"font-size\":10,\"stroke\":\"none\",\"fill\":\"black\"},\"transform\":\"\",\"id\":\"57ntf\"}]', '2018-08-14 13:02:57', 1, 0);

-- --------------------------------------------------------

--
-- Struktura tabele `graph-curation`
--

CREATE TABLE `graph-curation` (
  `id` int(11) NOT NULL,
  `graph-id` int(11) NOT NULL,
  `request-date` datetime NOT NULL DEFAULT CURRENT_TIMESTAMP,
  `requested-by` varchar(100) NOT NULL,
  `status` tinyint(4) NOT NULL DEFAULT '0',
  `curated-by` varchar(100) DEFAULT NULL
) ENGINE=InnoDB DEFAULT CHARSET=utf8mb4;

--
-- Odloži podatke za tabelo `graph-curation`
--

INSERT INTO `graph-curation` (`id`, `graph-id`, `request-date`, `requested-by`, `status`, `curated-by`) VALUES
(1, 43, '2018-08-10 22:32:36', 'test@test', 0, NULL),
(2, 44, '2018-08-10 22:34:57', 'test@test', 1, 'test@test'),
(3, 46, '2018-08-14 00:44:41', 'test@test', 0, NULL),
(4, 47, '2018-08-14 00:45:11', 'test@test', 0, NULL),
(5, 48, '2018-08-14 13:02:57', 'test@test', 0, NULL);

-- --------------------------------------------------------

--
-- Struktura tabele `graph-edits`
--

CREATE TABLE `graph-edits` (
  `id` int(11) NOT NULL,
  `graph-id` int(11) NOT NULL,
  `edited-by` varchar(100) NOT NULL,
  `edit-date` datetime NOT NULL DEFAULT CURRENT_TIMESTAMP
) ENGINE=InnoDB DEFAULT CHARSET=utf8mb4;

--
-- Odloži podatke za tabelo `graph-edits`
--

INSERT INTO `graph-edits` (`id`, `graph-id`, `edited-by`, `edit-date`) VALUES
(1, 2, 'test@test', '2018-07-04 01:04:30');

-- --------------------------------------------------------

--
-- Struktura tabele `user`
--

CREATE TABLE `user` (
  `id` int(11) NOT NULL,
  `name` varchar(50) NOT NULL,
  `surname` varchar(50) NOT NULL,
  `e-mail` varchar(100) NOT NULL,
  `password` varchar(255) NOT NULL,
  `active` tinyint(4) NOT NULL DEFAULT '0'
) ENGINE=InnoDB DEFAULT CHARSET=utf8mb4;

--
-- Odloži podatke za tabelo `user`
--

INSERT INTO `user` (`id`, `name`, `surname`, `e-mail`, `password`, `active`) VALUES
(7, 'Nermin', 'Jukan', 'nermin.jukan@mail.si', '$2y$10$JLY1v.riSAokIaXDrWAttOXUooz7u075xduhf.zE0b65QX.f33EXu', 0),
(8, 'test', 'test', 'test@test', '$2y$10$2JEoPoPmmJp5rJr1ZSTzg.pCGZRFDFAuDUg6woD8Zj5XtEWynJNrq', 1),
(21, 'wdaawf', 'afawf', 'faawf@awdawd', '$2y$10$dmaicJ5BTZm4LiAUKhcQhui2p7H4lPpkmJ3nCi4KkXloA/0PsheFq', 0),
(22, 'wdwd', 'wdwd', 'dwdwdwd@dwdwd', '$2y$10$n.E3jsLYzH3gXn/AjMEXQe9X6XaSQr6KNLd2PsPwVCsMICpIW3yAm', 0),
(23, 'asd', 'asd', 'asd@dsa', '$2y$10$80YHa9rTkett64iKYief6.2ArF5iSQ0U0LaHH0gNudjxzsDUMW/56', 0),
(24, 'ssss', 'ssss', 'ssss@ssss', '$2y$10$JwDv1h26qt8QiuwKgMEAc.eBwVlc7qGUZrXyhK4JuX9znxB1sfUKq', 0),
(25, 'ddddeee', 'ddddeee', 'ddddeee@ddddeee', '$2y$10$zVr1nhiS3j2C7oQbl1y/H.ijiklxYs559NNkaw45mE1oac2NrWA0K', 0),
(26, 'asasas', 'asasas', 'asas@asas', '$2y$10$qlxHHl/E.Qu4vDrrV0iWWes/EaWnJYLhY5mxUvn6YjvQfmb2bLtMG', 0),
(27, 'affafww', 'awfarfq3', 'qq3q3t@afaefe', '$2y$10$GV7swPInZTytqe1M6Yr.r.TuckPe1L./hUk9W/nCvle6I2z97UqyW', 0),
(28, 'adawd', 'adwdawd', 'dwdw@dw', '$2y$10$cCc6QK5opUyYUeh0vX463.chgkx4KCoUC1xvbPDZorlSoeau6c/8a', 0),
(29, 'wdawdaw', 'dawdw', 'awwd@wad', '$2y$10$RyiIOL2JBEZCWeaVSXPLdeWVNzQYbRiYOZKqUHNFP.Ado5RG4Iy2G', 0),
(30, 'ddd', 'ddd', 'www@ww', '$2y$10$T3tKrM1T2qGwe.3RwX60fOlZae7chTn8VDyzPhI55b/8WiHlGAMua', 0),
(31, 'fb', 'bfb', 'dwd@wdw', '$2y$10$7lga2swfZKwCmXSXh.iRO.IDcazsNdRju2LPcXKdEfLfkv57YdKrO', 0),
(32, 'aaa', 'eee', 'www@w', '$2y$10$YJt.jBWfY88KEf6AqOh.4uBGi6cq8gb5PIVEhcxYlwYvlm0xGtWKC', 0),
(33, 'dwadwd', 'dwadw', 'ddd@www', '$2y$10$rGW2fmESJl/Yo6o5N9TFdeqCJSH1yvajAEaWyjaLTLI9DzHSRcvem', 0),
(34, 'ddddeee', 'ddd', 'ddd@ddd', '$2y$10$3/PPQa7zaB4svnM5Yb4y8exf2HLtaHToJU6J917uVF8so93FNxjYS', 0),
(35, 'dwad', 'dwdw', 'dwdw@wdwd', '$2y$10$.81UxCWW3M9vEVRsZs1VruBvgKfYiosNyPUHR.1zKOUowGlEAwixK', 0),
(36, 'tttt', 'tttt', 'tttt@tttt', '$2y$10$QXrqbdH7h4p7V0xmS/UC5.MSzbzD/p3iykPs8ZGm57yDGSI86LWVu', 0),
(38, 'test', 'Jukan', 'fwfwfwf@fwwfw', '$2y$10$jUYTAylNa.wEI9oisey5qejupf2/bznBXMaGg9H6nX2HCMMRI65ly', 0),
(40, 'rokometas77', 'Jukan', 'rokometas77@hotmail.com', '$2y$10$M.GdQYGzV/uKb77tYRoqaeid4stRDXXL7nstPZTbD/eRjuO.A1yB6', 0),
(41, 'test1', 'tete', 'etete@tetet', '$2y$10$/5/zd9Bn2YHPjUZMNWAgfOPY1WA3oLKyCIEhsIcHLjUSbropHNtU6', 0),
(42, 'test', 'dwd', 'hhh@hhh', '$2y$10$wnr9narQlqZVXeFr3B4W0.PXihkNOh1ckhVCECUG5Cjw0HTUtgbUq', 0),
(43, 'Nermin', 'Jukan', 'moj@mail', '$2y$10$/Sk5W3sfU0WjKTDrbBefCunmD3RuwvGcXMDYxi0DeW.erXatfppRa', 0),
(44, 'Nermin', 'Jukan', 'mojnovi@mail', '$2y$10$kLq4PPhMlphRXG/qBo4ULerRq0izv0.nOY3D0PPkPxSvKSXhxOmlu', 0),
(46, 'test1', 'tet', 'fe@efeg', '$2y$10$/Y3yAtN9VV7bTBXMyT/CXexz2Dsb3qmwwtafhQMs9dz14Aq00eulK', 0),
(47, 'rokometas77', 'ddd', 'tetete@tetete', '$2y$10$ODleqi0dM0t1kUXBhyHkKe9LN9klYzleIa6oXyOyNQ3bQYVv/SgBu', 0),
(48, 'test', 'tete', 'kkffkkff@kkffkkff', '$2y$10$Vd0CftTS47WztDN1lgzk5uyA07T.Y6blXDENA/Dg0IpqbDL2HdeoS', 0),
(50, 'rokometas77', 'Jukan', 'rokometas777@hotmail.com', '$2y$10$WD2FAIwmSgkr/80UHUq/8.rUQalQO1ovgamYr2BiGTQwO1sG4k3f2', 0),
(51, 'tete', 'tetgege', '12345@1', '$2y$10$fnrsuxxfpRwJPEwaQgBGuOrwOH6eU0BiTaUOEdX44zR4sC28ZJemC', 0),
(55, 'Nermin', 'Jukan', 'njukan95@gmail.com', '$2y$10$HP9WsQy51Bo0DCif.F4A9.DPxkNnCq8OW3hH/HjjZ2Be7MRd13sTK', 1);

-- --------------------------------------------------------

--
-- Struktura tabele `user_confirm`
--

CREATE TABLE `user_confirm` (
  `id` int(11) NOT NULL,
  `mail` varchar(100) NOT NULL,
  `code` varchar(255) NOT NULL
) ENGINE=InnoDB DEFAULT CHARSET=utf8mb4;

--
-- Odloži podatke za tabelo `user_confirm`
--

INSERT INTO `user_confirm` (`id`, `mail`, `code`) VALUES
(1, 'kkffkkff@kkffkkff', '991190bc58eae31b673531b26d99f425'),
(3, 'rokometas777@hotmail.com', 'a8966a056b61696d6c19df2da9b13ed8'),
(4, '12345@1', 'eda5c4b4ccc81b11f6105d385ce2532d');

-- --------------------------------------------------------

--
-- Struktura tabele `user_profile`
--

CREATE TABLE `user_profile` (
  `e-mail` varchar(100) NOT NULL,
  `lastaccess` datetime NOT NULL,
  `fieldofwork` varchar(100) DEFAULT NULL,
  `admin` tinyint(1) NOT NULL DEFAULT '0',
  `readPR` tinyint(4) NOT NULL DEFAULT '0',
  `editPR` tinyint(4) NOT NULL DEFAULT '0',
  `deletePR` tinyint(4) NOT NULL DEFAULT '0',
  `addPR` tinyint(4) NOT NULL DEFAULT '0',
  `confirmPR` tinyint(4) NOT NULL DEFAULT '0'
) ENGINE=InnoDB DEFAULT CHARSET=utf8mb4;

--
-- Odloži podatke za tabelo `user_profile`
--

INSERT INTO `user_profile` (`e-mail`, `lastaccess`, `fieldofwork`, `admin`, `readPR`, `editPR`, `deletePR`, `addPR`, `confirmPR`) VALUES
('12345@1', '2018-08-11 16:49:14', NULL, 0, 0, 0, 0, 0, 0),
('asas@asas', '2018-04-16 11:27:54', NULL, 0, 0, 0, 0, 0, 0),
('asd@dsa', '2018-04-16 11:27:20', NULL, 0, 1, 0, 0, 0, 0),
('awwd@wad', '2018-04-16 15:38:47', NULL, 0, 0, 0, 0, 0, 0),
('ddd@ddd', '2018-04-16 15:39:40', NULL, 0, 0, 0, 0, 0, 0),
('ddd@www', '2018-04-16 15:39:34', NULL, 0, 0, 0, 0, 0, 0),
('ddddeee@ddddeee', '2018-04-16 11:27:41', NULL, 0, 0, 0, 0, 0, 0),
('dwd@wdw', '2018-04-16 15:39:12', NULL, 1, 1, 1, 1, 1, 1),
('dwdw@dw', '2018-04-16 15:38:34', NULL, 0, 0, 0, 0, 0, 0),
('dwdw@wdwd', '2018-04-18 21:55:50', NULL, 0, 0, 0, 0, 0, 0),
('dwdwdwd@dwdwd', '2018-04-16 11:27:12', NULL, 0, 0, 0, 0, 1, 1),
('etete@tetet', '2018-08-11 00:46:08', NULL, 0, 0, 0, 0, 0, 0),
('faawf@awdawd', '2018-04-16 11:27:04', NULL, 0, 1, 1, 0, 1, 1),
('fe@efeg', '2018-08-11 00:55:10', NULL, 0, 0, 0, 0, 0, 0),
('fwfwfwf@fwwfw', '2018-08-11 00:23:01', NULL, 0, 0, 0, 0, 0, 0),
('hhh@hhh', '2018-08-11 00:46:40', NULL, 0, 0, 0, 0, 0, 0),
('kkffkkff@kkffkkff', '2018-08-11 00:57:12', NULL, 0, 0, 0, 0, 0, 0),
('moj@mail', '2018-08-11 00:47:31', NULL, 0, 0, 0, 0, 0, 0),
('mojnovi@mail', '2018-08-11 00:48:17', NULL, 0, 0, 0, 0, 0, 0),
('nermin.jukan@mail.si', '2018-03-23 11:23:53', NULL, 1, 1, 1, 1, 1, 1),
('njukan95@gmail.com', '2018-08-12 20:29:11', NULL, 0, 0, 0, 0, 0, 0),
('qq3q3t@afaefe', '2018-04-16 15:38:25', NULL, 0, 0, 0, 0, 0, 0),
('rokometas777@hotmail.com', '2018-08-11 16:47:13', NULL, 0, 0, 0, 0, 0, 0),
('rokometas77@hotmail.com', '2018-08-11 00:43:18', NULL, 0, 0, 0, 0, 0, 0),
('ssss@ssss', '2018-04-16 11:27:29', NULL, 0, 1, 0, 1, 1, 1),
('test@test', '2018-08-14 13:43:53', NULL, 1, 0, 0, 0, 0, 1),
('tetete@tetete', '2018-08-11 00:56:15', NULL, 0, 0, 0, 0, 0, 0),
('tttt@tttt', '2018-08-10 17:20:53', NULL, 1, 0, 0, 0, 0, 0),
('www@w', '2018-04-16 15:39:20', NULL, 0, 0, 0, 0, 0, 0),
('www@ww', '2018-04-16 15:38:56', NULL, 0, 0, 0, 0, 0, 0);

--
-- Indeksi zavrženih tabel
--

--
-- Indeksi tabele `graph`
--
ALTER TABLE `graph`
  ADD PRIMARY KEY (`id`),
  ADD KEY `USER E-MAIL` (`e-mail`);

--
-- Indeksi tabele `graph-curation`
--
ALTER TABLE `graph-curation`
  ADD PRIMARY KEY (`id`),
  ADD UNIQUE KEY `graph-id` (`graph-id`);

--
-- Indeksi tabele `graph-edits`
--
ALTER TABLE `graph-edits`
  ADD PRIMARY KEY (`id`),
  ADD KEY `GRAPH-ID` (`graph-id`);

--
-- Indeksi tabele `user`
--
ALTER TABLE `user`
  ADD PRIMARY KEY (`id`),
  ADD UNIQUE KEY `e-mail` (`e-mail`);

--
-- Indeksi tabele `user_confirm`
--
ALTER TABLE `user_confirm`
  ADD PRIMARY KEY (`id`),
  ADD UNIQUE KEY `mail` (`mail`);

--
-- Indeksi tabele `user_profile`
--
ALTER TABLE `user_profile`
  ADD PRIMARY KEY (`e-mail`);

--
-- AUTO_INCREMENT zavrženih tabel
--

--
-- AUTO_INCREMENT tabele `graph`
--
ALTER TABLE `graph`
  MODIFY `id` int(11) NOT NULL AUTO_INCREMENT, AUTO_INCREMENT=49;
--
-- AUTO_INCREMENT tabele `graph-curation`
--
ALTER TABLE `graph-curation`
  MODIFY `id` int(11) NOT NULL AUTO_INCREMENT, AUTO_INCREMENT=6;
--
-- AUTO_INCREMENT tabele `graph-edits`
--
ALTER TABLE `graph-edits`
  MODIFY `id` int(11) NOT NULL AUTO_INCREMENT, AUTO_INCREMENT=2;
--
-- AUTO_INCREMENT tabele `user`
--
ALTER TABLE `user`
  MODIFY `id` int(11) NOT NULL AUTO_INCREMENT, AUTO_INCREMENT=56;
--
-- AUTO_INCREMENT tabele `user_confirm`
--
ALTER TABLE `user_confirm`
  MODIFY `id` int(11) NOT NULL AUTO_INCREMENT, AUTO_INCREMENT=5;
--
-- Omejitve tabel za povzetek stanja
--

--
-- Omejitve za tabelo `graph`
--
ALTER TABLE `graph`
  ADD CONSTRAINT `graph_ibfk_1` FOREIGN KEY (`e-mail`) REFERENCES `user_profile` (`e-mail`);

--
-- Omejitve za tabelo `graph-curation`
--
ALTER TABLE `graph-curation`
  ADD CONSTRAINT `graph-curation_ibfk_1` FOREIGN KEY (`graph-id`) REFERENCES `graph` (`id`) ON DELETE NO ACTION ON UPDATE NO ACTION;

--
-- Omejitve za tabelo `graph-edits`
--
ALTER TABLE `graph-edits`
  ADD CONSTRAINT `graph-edits_ibfk_1` FOREIGN KEY (`graph-id`) REFERENCES `graph` (`id`) ON DELETE NO ACTION ON UPDATE NO ACTION;

--
-- Omejitve za tabelo `user_confirm`
--
ALTER TABLE `user_confirm`
  ADD CONSTRAINT `user_confirm_ibfk_1` FOREIGN KEY (`mail`) REFERENCES `user` (`e-mail`);

--
-- Omejitve za tabelo `user_profile`
--
ALTER TABLE `user_profile`
  ADD CONSTRAINT `user_profile_ibfk_1` FOREIGN KEY (`e-mail`) REFERENCES `user` (`e-mail`) ON DELETE CASCADE ON UPDATE CASCADE;
COMMIT;

/*!40101 SET CHARACTER_SET_CLIENT=@OLD_CHARACTER_SET_CLIENT */;
/*!40101 SET CHARACTER_SET_RESULTS=@OLD_CHARACTER_SET_RESULTS */;
/*!40101 SET COLLATION_CONNECTION=@OLD_COLLATION_CONNECTION */;
